item_id,idx
1000_1,0
1000_2,1
1000_3,2
1000_4,3
1000_5,4
1001_1,5
1001_2,6
1001_3,7
1001_4,8
1001_5,9
1004_1,10
1004_2,11
1004_3,12
1004_4,13
1004_5,14
1005_1,15
1005_2,16
1005_3,17
1005_4,18
1005_5,19
1006_1,20
1006_2,21
1006_3,22
1006_4,23
1006_5,24
1008_1,25
1008_2,26
1008_4,27
1008_5,28
1009_1,29
1009_2,30
1009_3,31
1009_4,32
1009_5,33
100_1,34
100_2,35
100_3,36
100_4,37
100_5,38
1011_2,39
1011_3,40
1013_1,41
1013_2,42
1013_3,43
1013_4,44
1013_5,45
1014_1,46
1014_2,47
1014_3,48
1014_4,49
1014_5,50
1015_1,51
1015_2,52
1015_3,53
1015_4,54
1015_5,55
1017_1,56
1017_2,57
1017_3,58
1017_4,59
1017_5,60
1019_1,61
1019_2,62
1019_4,63
1019_5,64
101_1,65
101_2,66
101_3,67
101_4,68
101_5,69
1020_1,70
1020_2,71
1020_3,72
1020_4,73
1021_1,74
1021_2,75
1021_3,76
1021_4,77
1021_5,78
1027_1,79
1027_2,80
1027_3,81
1027_4,82
1027_5,83
1028_1,84
1028_2,85
1028_3,86
1028_4,87
1028_5,88
1029_1,89
1029_2,90
1029_3,91
1029_4,92
1029_5,93
1032_1,94
1032_2,95
1032_3,96
1032_4,97
1032_5,98
1034_1,99
1034_2,100
1034_3,101
1034_4,102
1034_5,103
1035_1,104
1035_3,105
1035_4,106
1035_5,107
1036_1,108
1036_2,109
1036_3,110
1036_4,111
1036_5,112
1037_1,113
1037_2,114
1037_3,115
1037_4,116
1037_5,117
1038_1,118
1038_2,119
1038_3,120
1038_4,121
1038_5,122
103_1,123
103_2,124
103_3,125
103_4,126
103_5,127
1040_1,128
1040_2,129
1040_3,130
1040_4,131
1040_5,132
1041_1,133
1041_2,134
1041_3,135
1041_4,136
1041_5,137
1042_1,138
1042_2,139
1042_3,140
1042_4,141
1042_5,142
1043_1,143
1043_2,144
1043_3,145
1043_4,146
1043_5,147
1044_1,148
1044_2,149
1044_3,150
1044_4,151
1044_5,152
1045_1,153
1045_2,154
1045_3,155
1045_4,156
1045_5,157
1046_1,158
1046_2,159
1046_3,160
1046_4,161
1046_5,162
1047_1,163
1047_2,164
1047_3,165
1047_4,166
1047_5,167
1048_1,168
1048_2,169
1048_3,170
1048_4,171
1048_5,172
1051_1,173
1051_2,174
1051_3,175
1051_4,176
1051_5,177
1053_1,178
1053_2,179
1053_3,180
1053_4,181
1053_5,182
1054_1,183
1054_2,184
1054_3,185
1054_4,186
1054_5,187
1055_1,188
1055_2,189
1055_3,190
1055_4,191
1055_5,192
1057_1,193
1057_2,194
1057_3,195
1057_4,196
1057_5,197
1059_1,198
1059_2,199
1059_3,200
1059_4,201
1059_5,202
1061_1,203
1061_2,204
1061_3,205
1061_4,206
1061_5,207
1062_1,208
1062_2,209
1062_3,210
1062_4,211
1062_5,212
1064_1,213
1064_2,214
1064_3,215
1064_4,216
1064_5,217
1066_1,218
1066_2,219
1066_3,220
1066_4,221
1066_5,222
1067_1,223
1067_2,224
1067_3,225
1067_4,226
1067_5,227
1069_1,228
1069_2,229
1069_3,230
1069_4,231
1069_5,232
1072_1,233
1072_2,234
1072_3,235
1072_4,236
1072_5,237
1073_1,238
1073_2,239
1073_3,240
1073_4,241
1073_5,242
1075_1,243
1075_2,244
1075_3,245
1075_4,246
1075_5,247
1076_1,248
1076_2,249
1076_3,250
1076_4,251
1076_5,252
1079_1,253
1079_2,254
1079_3,255
1079_4,256
1079_5,257
107_1,258
107_2,259
107_3,260
107_4,261
107_5,262
1081_1,263
1081_2,264
1081_3,265
1081_4,266
1081_5,267
1083_1,268
1083_2,269
1083_3,270
1083_4,271
1083_5,272
1085_1,273
1085_2,274
1085_3,275
1085_4,276
1085_5,277
1089_1,278
1089_2,279
1089_3,280
1089_4,281
1089_5,282
1090_1,283
1090_2,284
1090_3,285
1090_4,286
1090_5,287
1091_1,288
1091_2,289
1091_3,290
1091_4,291
1091_5,292
1092_1,293
1092_2,294
1092_3,295
1092_4,296
1092_5,297
1093_2,298
1093_3,299
1093_5,300
1094_1,301
1094_3,302
1094_4,303
1094_5,304
1095_1,305
1095_2,306
1095_3,307
1095_4,308
1095_5,309
1097_1,310
1097_2,311
1097_3,312
1097_4,313
1097_5,314
1098_1,315
1098_2,316
1098_3,317
1098_4,318
1099_1,319
1099_2,320
1099_3,321
1099_4,322
1099_5,323
10_1,324
10_2,325
10_3,326
10_4,327
10_5,328
1100_1,329
1100_2,330
1100_3,331
1100_4,332
1100_5,333
1101_1,334
1101_2,335
1101_3,336
1101_4,337
1101_5,338
1103_1,339
1103_2,340
1103_3,341
1103_4,342
1103_5,343
1104_1,344
1104_2,345
1104_3,346
1104_4,347
1104_5,348
1105_1,349
1105_3,350
1106_1,351
1106_2,352
1106_4,353
1106_5,354
1107_1,355
1107_2,356
1107_3,357
1107_4,358
1107_5,359
1109_1,360
1109_2,361
1109_3,362
1109_4,363
1109_5,364
1110_1,365
1110_2,366
1110_3,367
1110_4,368
1110_5,369
1112_1,370
1112_2,371
1112_3,372
1112_4,373
1112_5,374
1113_1,375
1113_2,376
1113_3,377
1113_4,378
1113_5,379
1114_1,380
1114_2,381
1114_3,382
1114_4,383
1114_5,384
1116_1,385
1116_2,386
1116_3,387
1116_4,388
1116_5,389
1117_1,390
1117_2,391
1117_3,392
1117_4,393
1117_5,394
1118_1,395
1118_2,396
1118_3,397
1118_4,398
1118_5,399
1119_1,400
1119_2,401
1119_3,402
1119_4,403
1119_5,404
1121_1,405
1121_2,406
1121_3,407
1121_4,408
1121_5,409
11229_3,410
11229_4,411
11229_5,412
1122_1,413
1122_2,414
1122_3,415
1122_4,416
1122_5,417
11230_1,418
11230_2,419
11230_3,420
11230_4,421
11230_5,422
1123_1,423
1123_2,424
1123_3,425
1123_4,426
1123_5,427
1124_1,428
1124_2,429
1124_3,430
1124_4,431
1124_5,432
1126_1,433
1126_2,434
1126_3,435
1126_4,436
1126_5,437
1127_2,438
1127_3,439
1127_4,440
1127_5,441
1130_1,442
1130_2,443
1130_3,444
1130_4,445
1130_5,446
1131_1,447
1131_2,448
1131_3,449
1131_4,450
1131_5,451
1132_1,452
1132_2,453
1132_3,454
1132_4,455
1132_5,456
1133_1,457
1133_2,458
1133_3,459
1133_4,460
1133_5,461
1134_1,462
1134_2,463
1134_3,464
1134_4,465
1134_5,466
1135_1,467
1135_2,468
1135_3,469
1135_4,470
1135_5,471
11393_1,472
11393_3,473
11393_4,474
11393_5,475
1142_1,476
1142_2,477
1142_3,478
1142_4,479
1142_5,480
1143_1,481
1143_2,482
1143_3,483
1143_4,484
1143_5,485
1145_1,486
1145_2,487
1145_3,488
1145_4,489
1145_5,490
11460_1,491
11460_2,492
11460_3,493
11460_4,494
11460_5,495
1146_1,496
1146_2,497
1146_3,498
1146_4,499
1146_5,500
11477_1,501
11477_2,502
11477_3,503
11477_4,504
11477_5,505
1148_1,506
1148_2,507
1148_3,508
1148_4,509
1148_5,510
1150_1,511
1150_2,512
1150_3,513
1150_4,514
1150_5,515
1151_1,516
1151_2,517
1151_3,518
1151_4,519
1151_5,520
1154_1,521
1154_2,522
1154_3,523
1154_4,524
1154_5,525
11550_1,526
11550_2,527
11550_3,528
11550_4,529
11550_5,530
1155_1,531
1155_2,532
1155_3,533
1155_4,534
1155_5,535
1156_1,536
1156_2,537
1156_3,538
1156_5,539
11589_4,540
11598_1,541
11598_2,542
11598_3,543
11598_4,544
11598_5,545
1159_1,546
1159_2,547
1159_3,548
1159_4,549
1159_5,550
11604_1,551
11604_2,552
11604_3,553
11604_4,554
11604_5,555
1160_2,556
1160_3,557
1160_4,558
1160_5,559
1162_1,560
1162_2,561
1162_3,562
1162_4,563
1162_5,564
1163_1,565
1163_2,566
1163_3,567
1163_5,568
1164_2,569
1164_3,570
1164_4,571
1164_5,572
11652_1,573
11652_2,574
11652_3,575
11652_4,576
11652_5,577
1167_1,578
1167_2,579
1167_3,580
1167_4,581
1167_5,582
1171_1,583
1171_2,584
1171_3,585
1171_4,586
1171_5,587
11739_1,588
11739_2,589
11739_3,590
11739_4,591
11739_5,592
11754_1,593
11754_2,594
11754_3,595
11754_4,596
11754_5,597
1177_1,598
1177_2,599
1177_3,600
1177_4,601
1177_5,602
11796_1,603
11796_2,604
11796_3,605
11796_4,606
11796_5,607
1179_1,608
1179_2,609
1179_3,610
1179_4,611
1179_5,612
1180_1,613
1180_2,614
1180_3,615
1180_4,616
1180_5,617
1181_1,618
1181_2,619
1181_3,620
1181_4,621
1181_5,622
1182_1,623
1182_2,624
1182_3,625
1182_4,626
1182_5,627
1183_1,628
1183_2,629
1183_3,630
1183_4,631
1183_5,632
11849_1,633
11849_2,634
11849_3,635
11849_4,636
11849_5,637
1184_1,638
1184_2,639
1184_3,640
1184_4,641
1184_5,642
1185_1,643
1185_2,644
1185_3,645
1185_4,646
1185_5,647
1186_1,648
1186_2,649
1186_3,650
1186_4,651
1186_5,652
1187_1,653
1187_2,654
1187_3,655
1187_4,656
1187_5,657
11885_1,658
11885_2,659
11885_3,660
11885_4,661
11885_5,662
1188_1,663
1188_3,664
1188_4,665
1188_5,666
1189_1,667
1189_2,668
1189_3,669
1189_4,670
1189_5,671
11900_1,672
11900_2,673
11900_3,674
11900_4,675
11900_5,676
1190_1,677
1190_2,678
1190_3,679
1190_4,680
1190_5,681
1191_1,682
1191_2,683
1191_3,684
1191_4,685
1191_5,686
1192_1,687
1192_2,688
1192_3,689
1192_4,690
1192_5,691
1193_1,692
1193_2,693
1193_3,694
1193_4,695
1193_5,696
1194_1,697
1194_2,698
1194_3,699
1194_5,700
1195_1,701
1195_2,702
1195_3,703
1195_4,704
1195_5,705
1196_1,706
1196_2,707
1196_3,708
1196_5,709
1197_1,710
1197_2,711
1197_3,712
1197_4,713
1197_5,714
1198_1,715
1198_2,716
1198_3,717
1198_4,718
1198_5,719
11_1,720
11_3,721
11_4,722
11_5,723
12002_2,724
12002_3,725
12002_4,726
12002_5,727
1200_1,728
1200_2,729
1200_3,730
1200_4,731
1200_5,732
12013_1,733
12013_2,734
12013_3,735
12013_4,736
12013_5,737
1201_1,738
1201_2,739
1201_3,740
1201_4,741
1201_5,742
12026_1,743
12026_2,744
12026_3,745
12026_4,746
12026_5,747
1202_1,748
1202_2,749
1202_3,750
1202_4,751
1202_5,752
1203_1,753
1203_2,754
1203_3,755
1203_4,756
1203_5,757
1205_1,758
1205_2,759
1205_4,760
1205_5,761
1206_1,762
1206_2,763
1206_3,764
1206_4,765
1206_5,766
1207_1,767
1207_2,768
1207_3,769
1207_4,770
1207_5,771
12104_1,772
12104_2,773
12104_3,774
12104_4,775
12104_5,776
1210_2,777
1210_4,778
1210_5,779
1213_1,780
1213_2,781
1213_3,782
1213_4,783
1213_5,784
1214_1,785
1214_2,786
1214_3,787
1214_4,788
1214_5,789
12165_1,790
12165_2,791
12165_3,792
12165_4,793
12165_5,794
1216_1,795
1216_2,796
1216_3,797
1216_4,798
1216_5,799
1220_1,800
1220_2,801
1220_4,802
1221_1,803
1221_3,804
1221_4,805
1222_1,806
1222_2,807
1222_3,808
1222_4,809
1222_5,810
12243_1,811
12243_2,812
12243_3,813
12243_4,814
12243_5,815
1225_1,816
1225_2,817
1225_3,818
1225_4,819
1225_5,820
1226_1,821
1226_2,822
1226_3,823
1226_4,824
1226_5,825
1227_1,826
1227_2,827
1227_3,828
1227_4,829
1227_5,830
1229_1,831
1229_2,832
1229_3,833
1229_4,834
1229_5,835
1231_1,836
1231_2,837
1231_3,838
1231_4,839
1231_5,840
1237_1,841
1237_2,842
1237_3,843
1237_4,844
1237_5,845
1239_1,846
1239_2,847
1239_3,848
1239_4,849
1239_5,850
1240_1,851
1241_1,852
1241_2,853
1241_3,854
1241_4,855
1241_5,856
1242_1,857
1242_2,858
1242_3,859
1242_5,860
1243_1,861
1243_2,862
1243_3,863
1243_4,864
1243_5,865
1244_1,866
1244_2,867
1244_3,868
1244_4,869
1244_5,870
1246_1,871
1246_2,872
1246_3,873
1246_4,874
1246_5,875
1247_1,876
1247_2,877
1247_3,878
1247_4,879
1247_5,880
1248_1,881
1248_2,882
1248_3,883
1248_4,884
1248_5,885
1249_1,886
1249_2,887
1249_3,888
1249_4,889
1249_5,890
1253_1,891
1253_2,892
1253_3,893
1253_4,894
1253_5,895
1254_2,896
1254_4,897
1254_5,898
12555_1,899
12555_2,900
12555_3,901
12555_4,902
12555_5,903
1257_1,904
1257_2,905
1257_3,906
1257_4,907
1257_5,908
12599_1,909
12599_2,910
12599_3,911
12599_4,912
12599_5,913
1259_1,914
1259_2,915
1259_3,916
1259_4,917
1259_5,918
1260_2,919
1260_3,920
1260_4,921
1260_5,922
1261_1,923
1261_2,924
1261_3,925
1261_4,926
1261_5,927
1263_1,928
1263_2,929
1263_3,930
1264_1,931
1264_2,932
1264_3,933
1264_4,934
1264_5,935
126_1,936
126_2,937
126_3,938
126_4,939
1270_1,940
1270_2,941
1270_3,942
1270_4,943
1274_1,944
1274_2,945
1274_3,946
1274_4,947
1274_5,948
1276_1,949
1276_2,950
1276_3,951
1276_4,952
1276_5,953
1277_1,954
1277_2,955
1277_3,956
1277_4,957
1277_5,958
1281_1,959
1281_2,960
1281_4,961
1281_5,962
1285_1,963
1285_2,964
1285_3,965
1285_4,966
1285_5,967
12868_1,968
12868_2,969
12868_3,970
12868_4,971
12868_5,972
12918_1,973
12918_3,974
12918_4,975
12918_5,976
1292_1,977
1292_2,978
1292_3,979
1292_4,980
1292_5,981
1293_1,982
1293_2,983
1293_3,984
1293_4,985
1293_5,986
1294_1,987
1294_2,988
1294_3,989
1294_4,990
1294_5,991
1295_1,992
1295_2,993
1295_3,994
1295_4,995
1295_5,996
1296_1,997
1296_2,998
1296_3,999
1296_4,1000
1296_5,1001
1297_1,1002
1297_2,1003
1297_3,1004
1297_4,1005
1297_5,1006
1298_1,1007
1298_2,1008
1298_3,1009
1298_4,1010
1298_5,1011
1299_1,1012
1299_2,1013
1299_5,1014
12_1,1015
12_2,1016
12_3,1017
12_4,1018
12_5,1019
1300_1,1020
1300_3,1021
1300_4,1022
1300_5,1023
1303_1,1024
1303_2,1025
1303_3,1026
1303_4,1027
1303_5,1028
1306_1,1029
1306_2,1030
1306_3,1031
1306_4,1032
1306_5,1033
1312_1,1034
1312_2,1035
1312_3,1036
1312_4,1037
1312_5,1038
1315_1,1039
1315_2,1040
1315_3,1041
1315_4,1042
1315_5,1043
13292_1,1044
13292_2,1045
13292_3,1046
13292_4,1047
13292_5,1048
13303_1,1049
13303_2,1050
13303_3,1051
13303_4,1052
13303_5,1053
1332_1,1054
1332_2,1055
1332_3,1056
1332_4,1057
1332_5,1058
1337_1,1059
1337_2,1060
1337_3,1061
1337_4,1062
1337_5,1063
1338_1,1064
1338_2,1065
1338_3,1066
1338_4,1067
1338_5,1068
1339_1,1069
1339_2,1070
1339_3,1071
1339_4,1072
1339_5,1073
1342_1,1074
1342_2,1075
1342_3,1076
1342_4,1077
1342_5,1078
1343_1,1079
1343_2,1080
1343_3,1081
1343_4,1082
1343_5,1083
1344_1,1084
1344_2,1085
1344_3,1086
1344_4,1087
1344_5,1088
1347_1,1089
1347_2,1090
1347_3,1091
1347_4,1092
1347_5,1093
1348_1,1094
1348_2,1095
1348_3,1096
1348_4,1097
1348_5,1098
1349_1,1099
1349_2,1100
1349_3,1101
1349_4,1102
1349_5,1103
1350_1,1104
1350_2,1105
1350_3,1106
1350_4,1107
1350_5,1108
1351_1,1109
1351_2,1110
1351_3,1111
1351_4,1112
1351_5,1113
1352_1,1114
1352_2,1115
1352_3,1116
1352_4,1117
1352_5,1118
1353_1,1119
1353_2,1120
1353_3,1121
1353_4,1122
1353_5,1123
1358_1,1124
1358_2,1125
1358_3,1126
1358_4,1127
1358_5,1128
1360_1,1129
1360_2,1130
1360_3,1131
1360_4,1132
1360_5,1133
1364_1,1134
1364_2,1135
1364_3,1136
1364_4,1137
1366_1,1138
1366_2,1139
1366_3,1140
1366_4,1141
1366_5,1142
1369_1,1143
1369_2,1144
1369_4,1145
1369_5,1146
1372_1,1147
1372_2,1148
1372_3,1149
1372_4,1150
1372_5,1151
1375_1,1152
1375_2,1153
1375_3,1154
1375_4,1155
1375_5,1156
1376_1,1157
1376_2,1158
1376_3,1159
1376_4,1160
1376_5,1161
1377_1,1162
1377_2,1163
1377_3,1164
1377_4,1165
1377_5,1166
1378_1,1167
1378_2,1168
1378_3,1169
1378_4,1170
1378_5,1171
1379_1,1172
1379_2,1173
1379_3,1174
1379_4,1175
1379_5,1176
137_1,1177
137_2,1178
137_3,1179
137_4,1180
137_5,1181
1380_1,1182
1380_2,1183
1380_3,1184
1380_4,1185
1380_5,1186
1381_1,1187
1381_2,1188
1381_3,1189
1381_4,1190
1381_5,1191
1382_1,1192
1382_2,1193
1382_3,1194
1382_4,1195
1382_5,1196
1383_1,1197
1383_2,1198
1383_3,1199
1383_4,1200
1383_5,1201
1384_1,1202
1384_2,1203
1384_3,1204
1384_4,1205
1384_5,1206
1385_1,1207
1385_2,1208
1385_3,1209
1385_4,1210
1385_5,1211
13888_1,1212
13888_2,1213
13888_3,1214
13888_4,1215
13888_5,1216
1389_1,1217
1389_2,1218
1389_3,1219
1389_4,1220
1389_5,1221
138_1,1222
138_2,1223
138_3,1224
138_5,1225
1390_1,1226
1390_2,1227
1390_3,1228
1390_4,1229
1390_5,1230
1392_1,1231
1392_2,1232
1392_3,1233
1392_4,1234
1392_5,1235
1394_1,1236
1394_2,1237
1394_3,1238
1394_4,1239
1394_5,1240
1395_1,1241
1395_2,1242
1395_3,1243
1395_4,1244
1395_5,1245
1396_1,1246
1396_2,1247
1396_3,1248
1396_4,1249
1396_5,1250
1397_1,1251
1397_2,1252
1397_3,1253
1397_4,1254
1397_5,1255
1398_1,1256
1398_2,1257
1398_3,1258
1398_4,1259
1398_5,1260
1399_1,1261
1399_2,1262
1399_3,1263
1399_4,1264
1399_5,1265
13_1,1266
13_2,1267
13_3,1268
13_4,1269
13_5,1270
1400_1,1271
1400_2,1272
1400_3,1273
1400_4,1274
1400_5,1275
1401_1,1276
1401_2,1277
1401_3,1278
1401_4,1279
1401_5,1280
1402_1,1281
1402_2,1282
1402_3,1283
1402_4,1284
1402_5,1285
1405_1,1286
1405_2,1287
1405_3,1288
1405_4,1289
1405_5,1290
1406_1,1291
1406_2,1292
1406_3,1293
1406_4,1294
1406_5,1295
1408_1,1296
1408_2,1297
1408_3,1298
1408_4,1299
1408_5,1300
1409_1,1301
1409_2,1302
1409_3,1303
1409_4,1304
1409_5,1305
1410_1,1306
1410_2,1307
1410_3,1308
1410_4,1309
1410_5,1310
1411_1,1311
1411_2,1312
1411_3,1313
1411_4,1314
1411_5,1315
1412_1,1316
1412_2,1317
1412_3,1318
1412_4,1319
1412_5,1320
1413_1,1321
1413_2,1322
1413_3,1323
1413_4,1324
1413_5,1325
1414_1,1326
1414_2,1327
1414_3,1328
1414_4,1329
1415_1,1330
1415_2,1331
1415_3,1332
1415_4,1333
1415_5,1334
1416_1,1335
1416_2,1336
1416_3,1337
1416_4,1338
1416_5,1339
1418_1,1340
1418_2,1341
1418_3,1342
1418_4,1343
1418_5,1344
1421_1,1345
1421_2,1346
1421_3,1347
1421_4,1348
1421_5,1349
1422_1,1350
1422_2,1351
1422_3,1352
1422_4,1353
1422_5,1354
1424_1,1355
1424_2,1356
1424_3,1357
1424_4,1358
1424_5,1359
1425_1,1360
1425_2,1361
1425_3,1362
1425_4,1363
1425_5,1364
1426_2,1365
1426_3,1366
1426_4,1367
1426_5,1368
1427_1,1369
1427_2,1370
1427_3,1371
1427_4,1372
1427_5,1373
1428_1,1374
1428_2,1375
1428_3,1376
1428_4,1377
1428_5,1378
1429_1,1379
1429_2,1380
1429_3,1381
1429_4,1382
1429_5,1383
1430_1,1384
1430_2,1385
1430_3,1386
1430_4,1387
1430_5,1388
1432_1,1389
1432_2,1390
1432_3,1391
1432_4,1392
1432_5,1393
1433_1,1394
1433_2,1395
1433_3,1396
1433_4,1397
1433_5,1398
1436_1,1399
1436_2,1400
1436_3,1401
1436_4,1402
1436_5,1403
1438_1,1404
1438_2,1405
1438_3,1406
1438_4,1407
1438_5,1408
1440_1,1409
1440_2,1410
1440_3,1411
1440_4,1412
1440_5,1413
1441_1,1414
1441_2,1415
1441_3,1416
1441_4,1417
1441_5,1418
1443_1,1419
1443_2,1420
1443_3,1421
1443_4,1422
1443_5,1423
1444_1,1424
1444_2,1425
1444_3,1426
1444_4,1427
1444_5,1428
1447_1,1429
1447_2,1430
1447_3,1431
1447_4,1432
1447_5,1433
1449_1,1434
1449_2,1435
1449_3,1436
1449_4,1437
1449_5,1438
1450_1,1439
1450_2,1440
1450_3,1441
1450_4,1442
1450_5,1443
1451_1,1444
1451_2,1445
1451_4,1446
1451_5,1447
1452_1,1448
1452_2,1449
1452_3,1450
1452_4,1451
1452_5,1452
1453_1,1453
1453_2,1454
1453_3,1455
1453_4,1456
1453_5,1457
1455_1,1458
1455_2,1459
1455_3,1460
1455_4,1461
1455_5,1462
1456_1,1463
1456_2,1464
1456_3,1465
1456_4,1466
1456_5,1467
1457_1,1468
1457_2,1469
1457_3,1470
1457_4,1471
1457_5,1472
1458_1,1473
1458_2,1474
1458_3,1475
1458_4,1476
1458_5,1477
1459_1,1478
1459_2,1479
1459_3,1480
1459_4,1481
1459_5,1482
1462_1,1483
1462_2,1484
1462_3,1485
1462_4,1486
1462_5,1487
1463_1,1488
1463_2,1489
1463_3,1490
1463_4,1491
1463_5,1492
14645_1,1493
14645_2,1494
14645_3,1495
14645_4,1496
14645_5,1497
1464_1,1498
1464_2,1499
1464_3,1500
1464_4,1501
1464_5,1502
1468_1,1503
1468_2,1504
1468_3,1505
1468_4,1506
1468_5,1507
14692_1,1508
14692_2,1509
14692_3,1510
14692_4,1511
14692_5,1512
1469_1,1513
1469_2,1514
1469_3,1515
1469_4,1516
1469_5,1517
1470_1,1518
1470_3,1519
1470_4,1520
1470_5,1521
1475_1,1522
1475_2,1523
1475_3,1524
1475_4,1525
1475_5,1526
1481_1,1527
1481_3,1528
1481_4,1529
1485_1,1530
1485_2,1531
1485_3,1532
1485_4,1533
1485_5,1534
1486_1,1535
1486_2,1536
1486_3,1537
1486_4,1538
1486_5,1539
1489_1,1540
1489_2,1541
1489_3,1542
1489_4,1543
1489_5,1544
1491_1,1545
1491_2,1546
1491_3,1547
1491_4,1548
1491_5,1549
1492_1,1550
1492_2,1551
1492_3,1552
1492_4,1553
1492_5,1554
1502_1,1555
1502_2,1556
1502_3,1557
1502_4,1558
1502_5,1559
1503_1,1560
1503_3,1561
1503_5,1562
1504_1,1563
1504_2,1564
1504_3,1565
1504_4,1566
1504_5,1567
1505_1,1568
1505_2,1569
1505_3,1570
1505_4,1571
1505_5,1572
1507_1,1573
1507_2,1574
1507_3,1575
1507_4,1576
1507_5,1577
1509_1,1578
1509_2,1579
1509_3,1580
1509_4,1581
1509_5,1582
1510_1,1583
1510_2,1584
1510_3,1585
1510_4,1586
1510_5,1587
1511_1,1588
1511_2,1589
1511_3,1590
1511_4,1591
1511_5,1592
1512_1,1593
1512_2,1594
1512_3,1595
1512_4,1596
1512_5,1597
1513_1,1598
1513_2,1599
1513_3,1600
1513_4,1601
1513_5,1602
1515_1,1603
1515_2,1604
1515_3,1605
1515_4,1606
1515_5,1607
1516_1,1608
1516_2,1609
1516_3,1610
1516_4,1611
1516_5,1612
1517_1,1613
1517_2,1614
1517_3,1615
1517_4,1616
1517_5,1617
1518_1,1618
1518_2,1619
1518_3,1620
1518_4,1621
1518_5,1622
1519_1,1623
1519_2,1624
1519_3,1625
1519_4,1626
1519_5,1627
151_1,1628
151_2,1629
151_3,1630
151_4,1631
151_5,1632
1520_1,1633
1520_2,1634
1520_3,1635
1520_4,1636
1520_5,1637
1521_1,1638
1521_2,1639
1521_3,1640
1521_4,1641
1521_5,1642
1522_1,1643
1522_2,1644
1522_3,1645
1522_4,1646
1522_5,1647
1523_1,1648
1523_2,1649
1523_3,1650
1523_4,1651
1523_5,1652
1526_1,1653
1526_2,1654
1526_3,1655
1526_4,1656
1526_5,1657
1527_1,1658
1527_2,1659
1527_3,1660
1527_4,1661
1527_5,1662
1528_1,1663
1528_2,1664
1528_3,1665
1528_4,1666
1528_5,1667
152_4,1668
152_5,1669
1531_1,1670
1531_2,1671
1531_3,1672
1531_4,1673
1531_5,1674
1533_1,1675
1533_2,1676
1533_3,1677
1533_4,1678
1533_5,1679
1534_1,1680
1534_2,1681
1534_3,1682
1534_4,1683
1534_5,1684
1535_1,1685
1535_2,1686
1535_3,1687
1535_4,1688
1535_5,1689
1537_1,1690
1537_2,1691
1537_3,1692
1537_4,1693
1537_5,1694
153_1,1695
153_2,1696
153_3,1697
153_4,1698
153_5,1699
1540_1,1700
1540_2,1701
1540_3,1702
1540_4,1703
1540_5,1704
1541_1,1705
1541_2,1706
1541_3,1707
1541_4,1708
1541_5,1709
1544_1,1710
1544_2,1711
1544_3,1712
1544_4,1713
1544_5,1714
1545_1,1715
1545_2,1716
1545_3,1717
1545_4,1718
1545_5,1719
1547_1,1720
1547_2,1721
1547_3,1722
1547_4,1723
1547_5,1724
154_1,1725
154_2,1726
154_3,1727
154_4,1728
154_5,1729
1551_1,1730
1551_2,1731
1551_3,1732
1551_4,1733
1552_1,1734
1552_2,1735
1552_3,1736
1552_4,1737
1552_5,1738
1553_1,1739
1553_2,1740
1553_3,1741
1553_5,1742
1555_1,1743
1555_2,1744
1555_3,1745
1555_4,1746
1555_5,1747
1556_1,1748
1556_2,1749
1556_3,1750
1556_4,1751
1556_5,1752
1557_1,1753
1557_2,1754
1557_3,1755
1557_4,1756
1557_5,1757
155_1,1758
155_2,1759
155_3,1760
155_4,1761
155_5,1762
1561_1,1763
1561_2,1764
1561_3,1765
1561_4,1766
1561_5,1767
156_1,1768
156_2,1769
156_3,1770
156_4,1771
156_5,1772
1576_1,1773
1576_3,1774
1576_4,1775
1576_5,1776
157_1,1777
157_2,1778
157_3,1779
157_4,1780
157_5,1781
1580_2,1782
1580_3,1783
1580_5,1784
1590_1,1785
1590_2,1786
1590_3,1787
1596_1,1788
1596_2,1789
1596_3,1790
1596_4,1791
1596_5,1792
1597_2,1793
1597_3,1794
1597_4,1795
159_1,1796
159_2,1797
159_3,1798
159_4,1799
159_5,1800
15_1,1801
15_2,1802
15_3,1803
15_4,1804
15_5,1805
1601_2,1806
1601_3,1807
1601_4,1808
1601_5,1809
1602_1,1810
1602_2,1811
1602_3,1812
1602_4,1813
1602_5,1814
1609_1,1815
1609_2,1816
1609_3,1817
1609_4,1818
1609_5,1819
1610_1,1820
1610_2,1821
1610_3,1822
1610_4,1823
1610_5,1824
1613_1,1825
1613_2,1826
1613_3,1827
1613_4,1828
1613_5,1829
1614_1,1830
1614_2,1831
1614_3,1832
1614_4,1833
1614_5,1834
161_1,1835
161_2,1836
161_3,1837
161_4,1838
161_5,1839
1620_1,1840
1620_2,1841
1620_3,1842
1620_4,1843
1620_5,1844
1622_1,1845
1622_2,1846
1622_3,1847
1622_4,1848
1622_5,1849
1627_1,1850
1627_2,1851
1627_3,1852
1627_4,1853
1627_5,1854
162_1,1855
162_2,1856
162_3,1857
162_4,1858
162_5,1859
1631_1,1860
1631_2,1861
1631_3,1862
1631_4,1863
1631_5,1864
1632_1,1865
1632_2,1866
1632_3,1867
1632_4,1868
1632_5,1869
1633_1,1870
1633_2,1871
1633_3,1872
1633_4,1873
1633_5,1874
1636_1,1875
1636_2,1876
1636_3,1877
1636_4,1878
1636_5,1879
1639_1,1880
1639_2,1881
1639_4,1882
1639_5,1883
163_1,1884
163_3,1885
163_4,1886
163_5,1887
1641_1,1888
1641_2,1889
1641_3,1890
1641_4,1891
1641_5,1892
1643_1,1893
1643_2,1894
1643_3,1895
1643_4,1896
1643_5,1897
1645_1,1898
1645_2,1899
1645_3,1900
1645_4,1901
1645_5,1902
1648_1,1903
1648_2,1904
1648_3,1905
1648_4,1906
1648_5,1907
1650_1,1908
1650_2,1909
1650_3,1910
1650_4,1911
1650_5,1912
1654_1,1913
1654_3,1914
1654_4,1915
1654_5,1916
1659_1,1917
1659_3,1918
1659_4,1919
1659_5,1920
165_1,1921
165_3,1922
165_4,1923
165_5,1924
1660_1,1925
1660_2,1926
1660_3,1927
1660_4,1928
1660_5,1929
1662_1,1930
1662_2,1931
1662_3,1932
1662_4,1933
1662_5,1934
1669_1,1935
1669_2,1936
1669_3,1937
1669_4,1938
166_1,1939
166_2,1940
166_3,1941
166_4,1942
166_5,1943
1670_1,1944
1670_2,1945
1670_3,1946
1670_4,1947
1670_5,1948
1672_1,1949
1672_2,1950
1672_3,1951
1672_4,1952
1672_5,1953
1673_1,1954
1673_2,1955
1673_3,1956
1673_4,1957
1673_5,1958
1674_2,1959
1678_1,1960
1678_2,1961
1678_3,1962
1678_4,1963
1678_5,1964
1679_1,1965
1679_2,1966
1679_3,1967
1679_4,1968
1679_5,1969
167_1,1970
167_2,1971
167_3,1972
167_4,1973
167_5,1974
1680_1,1975
1680_2,1976
1680_3,1977
1680_4,1978
1680_5,1979
1681_1,1980
1681_2,1981
1681_3,1982
1681_4,1983
1681_5,1984
1684_1,1985
1684_2,1986
1684_3,1987
1684_4,1988
1684_5,1989
1686_1,1990
1686_2,1991
1686_3,1992
1686_4,1993
1686_5,1994
1687_1,1995
1687_2,1996
1687_3,1997
1687_4,1998
1688_1,1999
1688_2,2000
1688_3,2001
1688_4,2002
1688_5,2003
1689_1,2004
1689_3,2005
1689_4,2006
1689_5,2007
1690_1,2008
1690_2,2009
1690_3,2010
1690_4,2011
1690_5,2012
1691_1,2013
1691_2,2014
1691_3,2015
1691_4,2016
1691_5,2017
1694_1,2018
1694_2,2019
1694_3,2020
1694_4,2021
1694_5,2022
1696_1,2023
1696_2,2024
1696_3,2025
1696_4,2026
1696_5,2027
16_1,2028
16_2,2029
16_3,2030
16_4,2031
16_5,2032
1700_1,2033
1700_2,2034
1700_3,2035
1700_4,2036
1700_5,2037
1701_1,2038
1701_2,2039
1701_3,2040
1701_4,2041
1701_5,2042
1703_1,2043
1703_2,2044
1703_3,2045
1703_4,2046
1703_5,2047
1704_1,2048
1704_2,2049
1704_3,2050
1704_4,2051
1705_2,2052
1705_3,2053
1705_4,2054
1705_5,2055
1706_1,2056
1706_2,2057
1706_3,2058
1706_4,2059
1706_5,2060
1707_1,2061
1707_2,2062
1707_3,2063
1707_4,2064
1707_5,2065
1708_1,2066
1708_2,2067
1708_3,2068
1708_4,2069
1708_5,2070
1709_1,2071
1709_2,2072
1709_4,2073
1709_5,2074
170_1,2075
170_2,2076
170_3,2077
170_4,2078
170_5,2079
1710_1,2080
1710_2,2081
1710_3,2082
1710_4,2083
1710_5,2084
1711_1,2085
1711_2,2086
1711_3,2087
1711_4,2088
1711_5,2089
1713_1,2090
1713_2,2091
1713_3,2092
1713_4,2093
1713_5,2094
1714_1,2095
1714_2,2096
1714_3,2097
1714_4,2098
1714_5,2099
1717_1,2100
1717_2,2101
1717_3,2102
1717_4,2103
1717_5,2104
1718_1,2105
1718_2,2106
1718_3,2107
1718_4,2108
1718_5,2109
171_1,2110
171_2,2111
171_3,2112
171_4,2113
171_5,2114
1721_1,2115
1721_2,2116
1721_3,2117
1721_4,2118
1721_5,2119
1725_1,2120
1725_2,2121
1725_3,2122
1725_4,2123
1725_5,2124
1726_1,2125
1726_2,2126
1726_4,2127
1726_5,2128
1729_1,2129
1729_2,2130
1729_3,2131
1729_4,2132
1729_5,2133
172_1,2134
172_2,2135
172_3,2136
172_4,2137
172_5,2138
1731_1,2139
1731_2,2140
1731_3,2141
1731_4,2142
1731_5,2143
1735_1,2144
1735_2,2145
1735_3,2146
1735_4,2147
1735_5,2148
1736_1,2149
1736_2,2150
1736_3,2151
1736_4,2152
1736_5,2153
1737_1,2154
1737_2,2155
1737_3,2156
1737_4,2157
1737_5,2158
1738_1,2159
1738_2,2160
1738_3,2161
1738_4,2162
1738_5,2163
173_1,2164
173_2,2165
173_3,2166
173_4,2167
173_5,2168
1743_1,2169
1743_2,2170
1743_3,2171
1743_4,2172
1743_5,2173
1745_1,2174
1745_2,2175
1745_3,2176
1745_4,2177
1745_5,2178
1747_1,2179
1747_2,2180
1747_3,2181
1747_4,2182
1747_5,2183
174_1,2184
174_2,2185
174_3,2186
174_4,2187
174_5,2188
1752_1,2189
1752_2,2190
1752_3,2191
1752_4,2192
1752_5,2193
1755_1,2194
1755_2,2195
1755_3,2196
1755_4,2197
1755_5,2198
175_1,2199
175_2,2200
175_3,2201
175_4,2202
175_5,2203
1760_2,2204
1761_1,2205
1761_2,2206
1761_3,2207
1761_5,2208
1763_1,2209
1763_2,2210
1763_3,2211
1763_4,2212
1763_5,2213
1764_1,2214
1764_2,2215
1764_3,2216
1764_4,2217
1764_5,2218
1766_1,2219
1766_2,2220
1766_3,2221
1766_4,2222
1766_5,2223
1767_1,2224
1767_2,2225
1767_3,2226
1767_4,2227
1767_5,2228
1768_1,2229
1768_2,2230
1768_3,2231
1768_4,2232
176_1,2233
176_2,2234
176_3,2235
176_4,2236
176_5,2237
1770_1,2238
1770_3,2239
1770_4,2240
1770_5,2241
1771_1,2242
1771_2,2243
1771_3,2244
1771_4,2245
1771_5,2246
1772_1,2247
1772_2,2248
1772_3,2249
1772_4,2250
1772_5,2251
1775_1,2252
1775_2,2253
1775_3,2254
1775_4,2255
1775_5,2256
1776_1,2257
1776_2,2258
1776_3,2259
1776_4,2260
1776_5,2261
1777_1,2262
1777_2,2263
1777_3,2264
1777_4,2265
1777_5,2266
1778_1,2267
1778_2,2268
1778_3,2269
1778_4,2270
1778_5,2271
1781_1,2272
1781_2,2273
1781_3,2274
1781_4,2275
1781_5,2276
1782_1,2277
1782_2,2278
1782_3,2279
1782_4,2280
1782_5,2281
1787_1,2282
1787_2,2283
1787_3,2284
1787_4,2285
1787_5,2286
178_1,2287
178_2,2288
178_3,2289
178_4,2290
178_5,2291
1790_1,2292
1790_2,2293
1790_3,2294
1790_4,2295
1790_5,2296
1793_2,2297
1793_3,2298
1793_4,2299
1793_5,2300
1795_1,2301
1795_2,2302
1795_3,2303
1795_4,2304
1795_5,2305
1796_1,2306
1796_2,2307
1796_3,2308
1796_4,2309
1796_5,2310
1797_1,2311
1797_2,2312
1797_3,2313
1797_4,2314
1797_5,2315
1799_2,2316
1799_3,2317
1799_4,2318
1799_5,2319
17_1,2320
17_2,2321
17_3,2322
17_4,2323
1800_1,2324
1800_2,2325
1800_3,2326
1800_4,2327
1800_5,2328
1801_1,2329
1801_2,2330
1801_4,2331
1801_5,2332
1802_2,2333
1802_3,2334
1802_4,2335
1803_1,2336
1803_2,2337
1803_3,2338
1803_5,2339
1804_1,2340
1804_2,2341
1804_3,2342
1804_5,2343
1806_1,2344
1806_2,2345
1806_3,2346
1806_4,2347
1806_5,2348
1807_1,2349
1807_2,2350
1807_3,2351
1807_4,2352
1807_5,2353
1808_1,2354
1808_2,2355
1808_3,2356
1808_4,2357
1808_5,2358
1809_1,2359
1809_2,2360
1809_3,2361
1809_4,2362
1809_5,2363
180_1,2364
180_2,2365
180_3,2366
180_4,2367
180_5,2368
1810_1,2369
1810_2,2370
1810_3,2371
1810_4,2372
1810_5,2373
1811_1,2374
1811_2,2375
1811_3,2376
1811_4,2377
1811_5,2378
1812_1,2379
1812_2,2380
1812_3,2381
1812_4,2382
1812_5,2383
1813_1,2384
1813_2,2385
1813_3,2386
1813_4,2387
1813_5,2388
1814_1,2389
1814_2,2390
1814_3,2391
1814_4,2392
1814_5,2393
1816_1,2394
1816_2,2395
1816_3,2396
1816_4,2397
1816_5,2398
1817_1,2399
1817_2,2400
1817_3,2401
1817_4,2402
1817_5,2403
181_1,2404
181_2,2405
181_3,2406
181_4,2407
181_5,2408
1820_1,2409
1820_2,2410
1820_3,2411
1820_4,2412
1820_5,2413
1824_1,2414
1824_3,2415
1824_4,2416
1824_5,2417
1825_1,2418
1825_2,2419
1825_3,2420
1825_4,2421
1825_5,2422
1826_1,2423
1826_2,2424
1826_3,2425
1826_4,2426
1826_5,2427
1827_1,2428
1827_2,2429
1827_3,2430
1827_4,2431
1827_5,2432
182_1,2433
182_2,2434
182_3,2435
182_4,2436
182_5,2437
1833_1,2438
1833_2,2439
1833_3,2440
1833_4,2441
1833_5,2442
1834_1,2443
1834_2,2444
1834_3,2445
1834_4,2446
1834_5,2447
1835_1,2448
1835_2,2449
1835_3,2450
1835_4,2451
1835_5,2452
1836_1,2453
1836_2,2454
1836_3,2455
1836_4,2456
1836_5,2457
1837_1,2458
1837_2,2459
1837_3,2460
1837_4,2461
1837_5,2462
1839_1,2463
1839_2,2464
1839_3,2465
1839_4,2466
1839_5,2467
183_1,2468
183_2,2469
183_3,2470
183_4,2471
183_5,2472
1844_1,2473
1844_2,2474
1844_3,2475
1844_4,2476
1844_5,2477
1848_1,2478
1848_2,2479
1848_3,2480
1848_4,2481
1848_5,2482
184_1,2483
184_2,2484
184_3,2485
184_4,2486
184_5,2487
1853_1,2488
1853_2,2489
1853_3,2490
1853_4,2491
1853_5,2492
1854_1,2493
1854_2,2494
1854_3,2495
1854_4,2496
1854_5,2497
1855_1,2498
1855_2,2499
1855_3,2500
1855_4,2501
1855_5,2502
1857_1,2503
1857_2,2504
1857_3,2505
1857_4,2506
1857_5,2507
1858_1,2508
1858_2,2509
1858_3,2510
1858_4,2511
1858_5,2512
1859_1,2513
1859_2,2514
1859_3,2515
1859_4,2516
1859_5,2517
185_1,2518
185_2,2519
185_3,2520
185_4,2521
185_5,2522
1861_1,2523
1861_2,2524
1861_3,2525
1861_4,2526
1861_5,2527
1863_1,2528
1863_2,2529
1863_3,2530
1863_4,2531
1863_5,2532
1866_1,2533
1866_2,2534
1866_3,2535
1866_4,2536
1866_5,2537
1867_1,2538
1867_2,2539
1867_3,2540
1867_4,2541
1867_5,2542
1868_1,2543
1868_2,2544
1868_3,2545
1868_4,2546
1868_5,2547
186_1,2548
186_2,2549
186_3,2550
186_4,2551
1870_2,2552
1870_3,2553
1870_4,2554
1873_1,2555
1873_2,2556
1873_3,2557
1873_4,2558
1873_5,2559
1874_1,2560
1874_2,2561
1874_3,2562
1874_4,2563
1874_5,2564
1875_1,2565
1875_2,2566
1875_3,2567
1875_4,2568
1875_5,2569
1878_1,2570
1878_2,2571
1878_3,2572
1878_4,2573
1878_5,2574
187_1,2575
187_2,2576
187_3,2577
187_4,2578
187_5,2579
1881_1,2580
1881_2,2581
1881_3,2582
1881_4,2583
1881_5,2584
1883_1,2585
1883_2,2586
1883_3,2587
1883_4,2588
1883_5,2589
1884_1,2590
1884_2,2591
1884_3,2592
1884_4,2593
1884_5,2594
1885_1,2595
1885_2,2596
1885_3,2597
1885_4,2598
1885_5,2599
1886_1,2600
1886_2,2601
1886_3,2602
1886_4,2603
1886_5,2604
1888_1,2605
1888_2,2606
1888_3,2607
1888_4,2608
1888_5,2609
1889_1,2610
1889_2,2611
1889_3,2612
1889_4,2613
1889_5,2614
188_1,2615
188_2,2616
188_3,2617
188_4,2618
188_5,2619
1890_1,2620
1890_2,2621
1890_3,2622
1890_4,2623
1890_5,2624
1891_1,2625
1891_2,2626
1891_3,2627
1891_4,2628
1891_5,2629
1892_1,2630
1892_2,2631
1892_3,2632
1892_4,2633
1892_5,2634
1893_1,2635
1893_2,2636
1893_3,2637
1893_4,2638
1893_5,2639
1895_1,2640
1895_2,2641
1895_3,2642
1895_4,2643
1895_5,2644
1897_1,2645
1897_2,2646
1897_3,2647
1897_4,2648
1897_5,2649
1899_1,2650
1899_2,2651
1899_3,2652
1899_4,2653
1899_5,2654
189_1,2655
189_2,2656
189_3,2657
189_4,2658
189_5,2659
18_1,2660
18_2,2661
18_3,2662
18_4,2663
18_5,2664
1900_1,2665
1900_2,2666
1900_3,2667
1900_4,2668
1900_5,2669
1901_2,2670
1901_3,2671
1901_4,2672
1901_5,2673
1904_1,2674
1904_2,2675
1904_3,2676
1904_4,2677
1904_5,2678
1905_1,2679
1905_2,2680
1905_3,2681
1905_4,2682
1905_5,2683
190_1,2684
190_2,2685
190_3,2686
190_4,2687
190_5,2688
1910_1,2689
1910_3,2690
1910_4,2691
1910_5,2692
1914_1,2693
1914_2,2694
1914_3,2695
1914_4,2696
1914_5,2697
1918_4,2698
1919_1,2699
1919_3,2700
1919_4,2701
1919_5,2702
191_1,2703
191_2,2704
191_3,2705
191_4,2706
191_5,2707
1922_1,2708
1922_2,2709
1922_3,2710
1922_4,2711
1922_5,2712
1929_1,2713
1929_2,2714
1929_3,2715
1929_4,2716
1929_5,2717
192_1,2718
192_2,2719
192_3,2720
192_4,2721
192_5,2722
1934_1,2723
1934_2,2724
1934_4,2725
1934_5,2726
1935_1,2727
1935_2,2728
1935_3,2729
1935_4,2730
1935_5,2731
1936_1,2732
1936_2,2733
1936_3,2734
1936_4,2735
1936_5,2736
1937_1,2737
1937_2,2738
1937_3,2739
1937_4,2740
1937_5,2741
193_1,2742
193_2,2743
193_3,2744
193_4,2745
193_5,2746
1941_1,2747
1941_2,2748
1941_3,2749
1941_4,2750
1941_5,2751
1943_5,2752
1944_1,2753
1944_2,2754
1944_3,2755
1944_4,2756
1945_1,2757
1945_2,2758
1945_3,2759
1945_4,2760
1945_5,2761
1946_1,2762
1946_2,2763
1946_3,2764
1946_4,2765
1946_5,2766
1948_1,2767
1948_3,2768
1948_4,2769
1948_5,2770
1949_1,2771
1949_2,2772
1949_3,2773
1949_4,2774
1949_5,2775
194_1,2776
194_2,2777
194_3,2778
194_4,2779
194_5,2780
1950_2,2781
1950_3,2782
1950_4,2783
1950_5,2784
1952_1,2785
1952_2,2786
1952_3,2787
1952_4,2788
1952_5,2789
1953_1,2790
1953_2,2791
1953_4,2792
1953_5,2793
1954_2,2794
1954_3,2795
1954_4,2796
1954_5,2797
1957_1,2798
1957_2,2799
1957_3,2800
1957_4,2801
1957_5,2802
1958_1,2803
1958_2,2804
1958_3,2805
1958_4,2806
1958_5,2807
1959_1,2808
1959_2,2809
1959_3,2810
1959_4,2811
1959_5,2812
195_1,2813
195_2,2814
195_3,2815
195_4,2816
195_5,2817
1960_1,2818
1960_2,2819
1960_3,2820
1960_4,2821
1960_5,2822
1963_1,2823
1963_2,2824
1963_3,2825
1963_4,2826
1963_5,2827
1964_1,2828
1964_2,2829
1964_3,2830
1964_4,2831
1964_5,2832
1965_1,2833
1965_2,2834
1965_3,2835
1965_4,2836
1966_1,2837
1966_2,2838
1966_3,2839
1966_4,2840
1966_5,2841
1969_1,2842
1969_3,2843
1969_4,2844
196_1,2845
196_2,2846
196_3,2847
196_4,2848
196_5,2849
1970_1,2850
1970_2,2851
1970_3,2852
1970_4,2853
1970_5,2854
1971_1,2855
1971_2,2856
1971_3,2857
1971_4,2858
1971_5,2859
1974_1,2860
1974_2,2861
1974_3,2862
1974_4,2863
1974_5,2864
1975_1,2865
1975_2,2866
1975_3,2867
1975_4,2868
1975_5,2869
1976_1,2870
1976_2,2871
1976_3,2872
1976_4,2873
1976_5,2874
1977_1,2875
1977_2,2876
1977_3,2877
1977_4,2878
1977_5,2879
1978_1,2880
1978_2,2881
1978_3,2882
1978_4,2883
1978_5,2884
1979_1,2885
1979_2,2886
1979_3,2887
1979_4,2888
1979_5,2889
197_1,2890
197_2,2891
197_3,2892
197_4,2893
197_5,2894
1980_1,2895
1980_2,2896
1980_3,2897
1980_4,2898
1980_5,2899
1981_1,2900
1981_2,2901
1981_3,2902
1981_4,2903
1981_5,2904
1983_1,2905
1983_2,2906
1983_3,2907
1983_4,2908
1983_5,2909
1984_1,2910
1984_2,2911
1984_3,2912
1984_4,2913
1984_5,2914
1985_1,2915
1985_2,2916
1985_3,2917
1985_4,2918
1985_5,2919
1986_1,2920
1986_2,2921
1986_3,2922
1986_4,2923
1986_5,2924
1988_1,2925
1988_2,2926
1988_3,2927
1988_4,2928
1988_5,2929
1989_1,2930
1989_2,2931
1989_3,2932
1989_4,2933
198_1,2934
198_2,2935
198_3,2936
198_4,2937
198_5,2938
1990_1,2939
1990_2,2940
1990_3,2941
1990_4,2942
1990_5,2943
1992_1,2944
1992_2,2945
1992_3,2946
1992_4,2947
1992_5,2948
1994_1,2949
1994_2,2950
1994_3,2951
1994_4,2952
1994_5,2953
1998_1,2954
1998_2,2955
1998_3,2956
1998_4,2957
1998_5,2958
199_1,2959
199_2,2960
199_3,2961
199_4,2962
199_5,2963
19_1,2964
19_2,2965
19_3,2966
19_4,2967
19_5,2968
2003_1,2969
2003_2,2970
2003_3,2971
2003_4,2972
2003_5,2973
2006_1,2974
2006_2,2975
2006_3,2976
2006_4,2977
2006_5,2978
2009_1,2979
2009_2,2980
2009_3,2981
2009_4,2982
2009_5,2983
200_1,2984
200_2,2985
200_3,2986
200_4,2987
200_5,2988
2013_1,2989
2013_2,2990
2013_3,2991
2013_4,2992
2013_5,2993
2014_1,2994
2014_2,2995
2014_3,2996
2014_4,2997
2014_5,2998
2018_1,2999
2018_2,3000
2018_3,3001
2018_4,3002
2019_1,3003
2019_2,3004
2019_3,3005
2019_4,3006
2019_5,3007
201_1,3008
201_2,3009
201_3,3010
201_4,3011
201_5,3012
2020_1,3013
2020_2,3014
2020_3,3015
2020_4,3016
2021_1,3017
2021_4,3018
2021_5,3019
2022_1,3020
2022_2,3021
2022_3,3022
2022_4,3023
2022_5,3024
2023_1,3025
2023_2,3026
2023_3,3027
2023_4,3028
2024_2,3029
2024_3,3030
2024_5,3031
2025_1,3032
2025_2,3033
2025_3,3034
2025_4,3035
2025_5,3036
2026_1,3037
2026_2,3038
2026_3,3039
2026_4,3040
2026_5,3041
2027_1,3042
2027_2,3043
2027_3,3044
2027_4,3045
2027_5,3046
2028_1,3047
2028_2,3048
2028_3,3049
2028_4,3050
2028_5,3051
2029_1,3052
2029_2,3053
2029_3,3054
2029_5,3055
202_1,3056
202_2,3057
202_3,3058
202_4,3059
202_5,3060
2030_1,3061
2030_2,3062
2030_3,3063
2030_4,3064
2030_5,3065
2031_1,3066
2031_2,3067
2031_3,3068
2031_4,3069
2031_5,3070
2035_1,3071
2035_2,3072
2035_3,3073
2035_4,3074
2035_5,3075
2038_1,3076
2038_2,3077
2038_3,3078
2038_4,3079
2038_5,3080
203_1,3081
203_2,3082
203_3,3083
203_4,3084
203_5,3085
2043_2,3086
2043_3,3087
2043_4,3088
2043_5,3089
2044_1,3090
2044_2,3091
2044_3,3092
2044_4,3093
2044_5,3094
2047_1,3095
2047_2,3096
2047_3,3097
2047_5,3098
204_1,3099
204_2,3100
204_3,3101
204_4,3102
204_5,3103
2051_1,3104
2051_2,3105
2051_3,3106
2051_4,3107
2051_5,3108
2054_2,3109
2054_4,3110
2055_1,3111
2055_2,3112
2055_3,3113
2055_4,3114
2055_5,3115
2059_1,3116
2059_2,3117
2059_3,3118
2059_4,3119
2059_5,3120
205_1,3121
205_2,3122
205_3,3123
205_5,3124
2062_1,3125
2062_2,3126
2062_3,3127
2062_4,3128
2062_5,3129
2067_1,3130
2067_2,3131
2067_3,3132
2067_4,3133
2067_5,3134
2068_1,3135
2068_2,3136
2068_3,3137
2068_4,3138
2068_5,3139
206_1,3140
206_2,3141
206_3,3142
206_4,3143
206_5,3144
2071_1,3145
2071_2,3146
2071_3,3147
2071_4,3148
2071_5,3149
2076_1,3150
2076_2,3151
2076_3,3152
2076_4,3153
2076_5,3154
2079_1,3155
2079_2,3156
2079_3,3157
2079_4,3158
2079_5,3159
207_1,3160
207_2,3161
207_3,3162
207_4,3163
207_5,3164
2080_1,3165
2080_2,3166
2080_3,3167
2080_4,3168
2080_5,3169
2082_4,3170
2083_1,3171
2083_2,3172
2083_3,3173
2083_4,3174
2083_5,3175
2084_1,3176
2084_2,3177
2084_3,3178
2084_4,3179
2084_5,3180
2086_1,3181
2086_2,3182
2086_3,3183
2086_4,3184
2086_5,3185
2088_1,3186
2088_2,3187
2088_3,3188
2088_4,3189
2088_5,3190
2089_3,3191
2089_5,3192
208_1,3193
208_2,3194
208_3,3195
208_4,3196
208_5,3197
2091_1,3198
2091_2,3199
2091_3,3200
2091_4,3201
2091_5,3202
2094_1,3203
2094_2,3204
2094_3,3205
2094_4,3206
2094_5,3207
2097_1,3208
2097_2,3209
2097_3,3210
2097_4,3211
2097_5,3212
2098_1,3213
2098_2,3214
2098_3,3215
2098_4,3216
2098_5,3217
209_1,3218
209_2,3219
209_3,3220
209_4,3221
209_5,3222
2101_1,3223
2101_2,3224
2101_3,3225
2101_4,3226
2101_5,3227
2104_1,3228
2104_2,3229
2104_3,3230
2104_4,3231
2104_5,3232
2106_1,3233
2106_2,3234
2106_3,3235
2106_4,3236
2106_5,3237
210_1,3238
210_2,3239
210_3,3240
210_4,3241
210_5,3242
2111_1,3243
2111_2,3244
2111_3,3245
2111_4,3246
2111_5,3247
211_1,3248
211_2,3249
211_3,3250
211_4,3251
211_5,3252
2121_1,3253
2121_2,3254
2121_3,3255
2121_4,3256
2121_5,3257
2123_1,3258
2123_2,3259
2123_3,3260
2123_4,3261
2123_5,3262
2127_1,3263
2127_2,3264
2127_3,3265
2127_4,3266
2128_1,3267
2128_2,3268
2128_3,3269
2128_4,3270
2128_5,3271
212_1,3272
212_2,3273
212_3,3274
212_4,3275
212_5,3276
2130_1,3277
2130_2,3278
2130_3,3279
2130_4,3280
2130_5,3281
2131_1,3282
2131_3,3283
2132_1,3284
2132_2,3285
2132_3,3286
2132_5,3287
2133_1,3288
2133_2,3289
2133_3,3290
2133_4,3291
2133_5,3292
2134_1,3293
2134_2,3294
2134_3,3295
2134_4,3296
2134_5,3297
2136_1,3298
2136_2,3299
2136_3,3300
2136_4,3301
2136_5,3302
2137_1,3303
2137_2,3304
2137_3,3305
2137_4,3306
2137_5,3307
2139_1,3308
2139_2,3309
2139_3,3310
2139_4,3311
2139_5,3312
2143_2,3313
2143_5,3314
2146_2,3315
2146_4,3316
2146_5,3317
2148_1,3318
2148_2,3319
2148_3,3320
2148_4,3321
2148_5,3322
2149_1,3323
2149_2,3324
2149_3,3325
2149_4,3326
2149_5,3327
214_1,3328
214_2,3329
214_3,3330
214_4,3331
214_5,3332
2150_1,3333
2150_2,3334
2150_3,3335
2150_4,3336
2150_5,3337
2151_1,3338
2151_2,3339
2151_3,3340
2151_4,3341
2154_2,3342
2154_3,3343
2154_4,3344
2154_5,3345
2158_1,3346
2158_2,3347
2158_3,3348
2158_4,3349
2158_5,3350
215_1,3351
215_2,3352
215_3,3353
215_4,3354
215_5,3355
2161_1,3356
2161_2,3357
2161_3,3358
2161_4,3359
2165_1,3360
2165_2,3361
2165_3,3362
2165_4,3363
2165_5,3364
216_1,3365
216_2,3366
216_3,3367
216_4,3368
216_5,3369
2172_1,3370
2172_2,3371
2172_3,3372
2172_4,3373
2172_5,3374
2174_1,3375
2174_2,3376
2174_3,3377
2174_4,3378
2174_5,3379
2175_1,3380
2175_2,3381
2175_3,3382
2175_4,3383
2175_5,3384
2176_1,3385
2176_2,3386
2176_3,3387
2176_4,3388
2176_5,3389
2179_1,3390
2179_2,3391
2179_3,3392
2179_4,3393
2179_5,3394
217_1,3395
217_2,3396
217_3,3397
217_4,3398
217_5,3399
2184_1,3400
2184_2,3401
2184_3,3402
2184_4,3403
2184_5,3404
2187_1,3405
2187_2,3406
2187_3,3407
2187_4,3408
2187_5,3409
218_1,3410
218_2,3411
218_3,3412
218_4,3413
218_5,3414
2192_1,3415
2192_2,3416
2192_3,3417
2192_4,3418
2192_5,3419
2193_1,3420
2193_2,3421
2193_3,3422
2193_4,3423
2193_5,3424
2196_1,3425
2196_2,3426
2196_3,3427
2196_4,3428
2196_5,3429
219_2,3430
219_4,3431
219_5,3432
2200_1,3433
2200_2,3434
2200_3,3435
2200_4,3436
2200_5,3437
2203_1,3438
2203_2,3439
2203_3,3440
2203_4,3441
2203_5,3442
2204_1,3443
2204_2,3444
2204_3,3445
2204_4,3446
2204_5,3447
2206_1,3448
2206_2,3449
2206_3,3450
2206_4,3451
2206_5,3452
220_1,3453
220_2,3454
220_3,3455
220_4,3456
220_5,3457
2210_1,3458
2210_2,3459
2210_3,3460
2210_4,3461
2211_3,3462
2211_5,3463
2214_1,3464
2214_2,3465
2214_3,3466
2214_4,3467
2214_5,3468
221_1,3469
221_2,3470
221_3,3471
221_4,3472
221_5,3473
2220_1,3474
2220_2,3475
2220_4,3476
2220_5,3477
2222_1,3478
2222_2,3479
2222_3,3480
2222_4,3481
2222_5,3482
2226_1,3483
2226_2,3484
2226_3,3485
2226_4,3486
2226_5,3487
222_1,3488
222_2,3489
222_3,3490
222_4,3491
222_5,3492
2236_2,3493
2236_3,3494
2236_4,3495
2236_5,3496
223_1,3497
223_2,3498
223_3,3499
223_4,3500
223_5,3501
2242_1,3502
2242_3,3503
2242_4,3504
2242_5,3505
2247_1,3506
2247_2,3507
2247_3,3508
2247_4,3509
2247_5,3510
2251_1,3511
2251_2,3512
2251_3,3513
2251_4,3514
2251_5,3515
2252_1,3516
2252_2,3517
2252_3,3518
2252_4,3519
225_1,3520
225_2,3521
225_3,3522
225_4,3523
225_5,3524
2264_1,3525
2264_2,3526
2264_3,3527
2264_4,3528
2264_5,3529
2265_1,3530
2265_2,3531
2265_3,3532
2265_4,3533
2265_5,3534
2268_1,3535
2268_3,3536
2268_4,3537
2269_2,3538
2269_3,3539
2269_4,3540
2269_5,3541
226_1,3542
226_2,3543
226_3,3544
226_4,3545
226_5,3546
2271_1,3547
2271_2,3548
2271_3,3549
2271_4,3550
2271_5,3551
2276_1,3552
2276_2,3553
2276_3,3554
2276_4,3555
2276_5,3556
2277_1,3557
2277_2,3558
2277_3,3559
2277_5,3560
2279_2,3561
2279_3,3562
2279_4,3563
227_1,3564
227_2,3565
227_3,3566
227_4,3567
227_5,3568
2280_1,3569
2280_2,3570
2280_3,3571
2280_4,3572
2280_5,3573
2281_1,3574
2281_2,3575
2281_3,3576
2281_4,3577
2281_5,3578
2289_2,3579
2289_5,3580
228_1,3581
228_2,3582
228_3,3583
228_4,3584
228_5,3585
2298_1,3586
2298_2,3587
2298_3,3588
2298_4,3589
2298_5,3590
229_1,3591
229_2,3592
229_3,3593
229_4,3594
229_5,3595
2300_1,3596
2300_2,3597
2300_3,3598
2300_4,3599
2300_5,3600
230_1,3601
230_2,3602
230_3,3603
230_4,3604
230_5,3605
2312_1,3606
2312_2,3607
2312_3,3608
2312_4,3609
2312_5,3610
231_1,3611
231_2,3612
231_3,3613
231_4,3614
231_5,3615
2330_1,3616
2330_2,3617
2330_3,3618
2330_4,3619
2330_5,3620
2338_1,3621
2338_2,3622
2338_3,3623
2338_4,3624
2338_5,3625
2339_1,3626
2339_2,3627
2339_3,3628
2339_4,3629
2339_5,3630
233_1,3631
233_2,3632
233_3,3633
233_4,3634
233_5,3635
234_1,3636
234_2,3637
234_3,3638
234_4,3639
234_5,3640
235_2,3641
235_3,3642
235_4,3643
235_5,3644
236_1,3645
236_2,3646
236_3,3647
236_4,3648
236_5,3649
237_1,3650
237_2,3651
237_3,3652
237_4,3653
237_5,3654
238_1,3655
238_2,3656
238_3,3657
238_4,3658
238_5,3659
239_1,3660
239_2,3661
239_3,3662
239_4,3663
239_5,3664
240_1,3665
240_2,3666
240_3,3667
240_4,3668
240_5,3669
241_1,3670
241_2,3671
241_3,3672
241_4,3673
241_5,3674
245_1,3675
245_2,3676
245_3,3677
245_4,3678
245_5,3679
246_1,3680
246_2,3681
246_3,3682
246_4,3683
246_5,3684
247_1,3685
247_2,3686
247_3,3687
247_4,3688
247_5,3689
249_1,3690
249_2,3691
249_3,3692
249_4,3693
249_5,3694
250_1,3695
250_2,3696
250_3,3697
250_4,3698
250_5,3699
251_1,3700
251_2,3701
251_3,3702
251_4,3703
251_5,3704
252_1,3705
252_2,3706
252_3,3707
252_4,3708
252_5,3709
253_1,3710
253_2,3711
253_3,3712
253_5,3713
256_1,3714
256_2,3715
256_3,3716
256_4,3717
256_5,3718
257_1,3719
257_2,3720
257_3,3721
257_4,3722
257_5,3723
258_1,3724
258_2,3725
258_3,3726
258_4,3727
258_5,3728
25_1,3729
25_2,3730
25_3,3731
25_4,3732
25_5,3733
261_1,3734
261_2,3735
261_3,3736
261_4,3737
261_5,3738
262_1,3739
262_2,3740
262_3,3741
262_4,3742
262_5,3743
263_1,3744
263_2,3745
263_3,3746
263_4,3747
263_5,3748
265_1,3749
265_2,3750
265_3,3751
265_4,3752
265_5,3753
266_1,3754
266_2,3755
266_3,3756
266_4,3757
266_5,3758
267_1,3759
267_2,3760
267_3,3761
267_4,3762
267_5,3763
268_1,3764
268_2,3765
268_3,3766
268_4,3767
268_5,3768
270_1,3769
270_2,3770
270_3,3771
270_4,3772
270_5,3773
271_1,3774
271_2,3775
271_3,3776
271_4,3777
271_5,3778
276_1,3779
276_2,3780
276_3,3781
276_4,3782
276_5,3783
278_1,3784
278_2,3785
278_3,3786
278_4,3787
278_5,3788
279_1,3789
279_2,3790
279_3,3791
279_4,3792
279_5,3793
27_1,3794
27_2,3795
27_3,3796
27_4,3797
283_1,3798
283_2,3799
283_3,3800
283_4,3801
283_5,3802
285_1,3803
285_2,3804
285_3,3805
285_5,3806
286_1,3807
286_2,3808
286_3,3809
286_4,3810
286_5,3811
287_1,3812
287_2,3813
287_3,3814
287_4,3815
287_5,3816
288_1,3817
288_2,3818
288_3,3819
288_4,3820
288_5,3821
289_1,3822
289_2,3823
289_3,3824
289_4,3825
289_5,3826
28_1,3827
28_2,3828
28_3,3829
28_4,3830
28_5,3831
290_1,3832
290_2,3833
290_3,3834
290_4,3835
290_5,3836
291_1,3837
291_2,3838
291_3,3839
291_4,3840
291_5,3841
292_1,3842
292_2,3843
292_3,3844
292_4,3845
292_5,3846
293_1,3847
293_2,3848
293_3,3849
293_4,3850
293_5,3851
294_1,3852
294_2,3853
294_3,3854
294_4,3855
294_5,3856
295_1,3857
295_2,3858
295_3,3859
295_4,3860
295_5,3861
296_1,3862
296_2,3863
296_3,3864
296_4,3865
296_5,3866
297_1,3867
297_2,3868
297_3,3869
297_4,3870
297_5,3871
298_1,3872
298_2,3873
298_3,3874
298_4,3875
298_5,3876
299_1,3877
299_2,3878
299_3,3879
299_4,3880
299_5,3881
2_1,3882
2_2,3883
2_3,3884
2_4,3885
2_5,3886
300_1,3887
300_2,3888
300_3,3889
300_4,3890
300_5,3891
301_1,3892
301_2,3893
301_3,3894
301_4,3895
301_5,3896
302_1,3897
302_2,3898
302_3,3899
302_4,3900
302_5,3901
303_1,3902
303_2,3903
303_3,3904
303_4,3905
303_5,3906
304_1,3907
304_2,3908
304_3,3909
304_4,3910
304_5,3911
305_1,3912
305_2,3913
305_3,3914
305_4,3915
305_5,3916
306_1,3917
306_2,3918
306_3,3919
306_4,3920
306_5,3921
307_1,3922
307_2,3923
307_3,3924
307_4,3925
307_5,3926
308_1,3927
308_2,3928
308_3,3929
308_4,3930
308_5,3931
309_1,3932
309_2,3933
309_3,3934
309_4,3935
309_5,3936
30_1,3937
30_2,3938
30_3,3939
30_4,3940
30_5,3941
310_1,3942
310_2,3943
310_3,3944
310_4,3945
310_5,3946
311_1,3947
311_2,3948
311_3,3949
311_4,3950
311_5,3951
312_1,3952
312_2,3953
312_3,3954
312_4,3955
312_5,3956
313_1,3957
313_2,3958
313_3,3959
313_4,3960
313_5,3961
314_1,3962
314_2,3963
314_3,3964
314_4,3965
314_5,3966
316_1,3967
316_2,3968
316_3,3969
316_4,3970
316_5,3971
317_1,3972
317_2,3973
317_3,3974
317_4,3975
317_5,3976
318_1,3977
318_2,3978
318_3,3979
318_4,3980
318_5,3981
320_1,3982
320_2,3983
320_3,3984
320_4,3985
320_5,3986
321_1,3987
321_2,3988
321_3,3989
321_4,3990
321_5,3991
322_1,3992
322_2,3993
322_3,3994
322_4,3995
322_5,3996
323_1,3997
323_2,3998
323_3,3999
323_4,4000
323_5,4001
324_1,4002
324_2,4003
324_3,4004
324_4,4005
324_5,4006
325_1,4007
325_2,4008
325_3,4009
325_4,4010
325_5,4011
326_1,4012
326_2,4013
326_3,4014
326_4,4015
326_5,4016
327_1,4017
327_2,4018
327_3,4019
327_4,4020
327_5,4021
328_1,4022
328_2,4023
328_3,4024
328_4,4025
328_5,4026
329_1,4027
329_2,4028
329_3,4029
329_4,4030
329_5,4031
32_1,4032
32_2,4033
32_3,4034
32_4,4035
32_5,4036
330_1,4037
330_2,4038
330_3,4039
330_4,4040
330_5,4041
331_1,4042
331_2,4043
331_3,4044
331_4,4045
331_5,4046
332_1,4047
332_2,4048
332_3,4049
332_4,4050
332_5,4051
333_1,4052
333_2,4053
333_3,4054
333_4,4055
333_5,4056
334_1,4057
334_2,4058
334_3,4059
334_4,4060
334_5,4061
3373_3,4062
3373_4,4063
3384_1,4064
340_1,4065
340_2,4066
340_3,4067
340_4,4068
340_5,4069
342_1,4070
342_2,4071
342_3,4072
342_4,4073
342_5,4074
344_1,4075
344_2,4076
344_3,4077
344_4,4078
344_5,4079
346_1,4080
346_2,4081
346_3,4082
346_4,4083
346_5,4084
348_1,4085
348_2,4086
348_3,4087
348_4,4088
348_5,4089
349_1,4090
349_2,4091
349_3,4092
349_4,4093
349_5,4094
34_1,4095
34_2,4096
34_3,4097
34_4,4098
34_5,4099
350_1,4100
350_2,4101
350_3,4102
350_4,4103
350_5,4104
352_1,4105
352_2,4106
352_3,4107
352_4,4108
352_5,4109
354_1,4110
354_2,4111
354_3,4112
354_4,4113
354_5,4114
355_1,4115
355_2,4116
355_3,4117
355_4,4118
355_5,4119
356_1,4120
356_2,4121
356_3,4122
356_4,4123
356_5,4124
357_1,4125
357_2,4126
357_3,4127
357_4,4128
357_5,4129
359_1,4130
359_2,4131
359_3,4132
359_4,4133
359_5,4134
360_1,4135
360_2,4136
360_3,4137
360_4,4138
360_5,4139
362_1,4140
362_2,4141
362_3,4142
362_4,4143
362_5,4144
364_1,4145
364_2,4146
364_3,4147
364_4,4148
364_5,4149
366_1,4150
366_2,4151
366_3,4152
366_4,4153
366_5,4154
367_1,4155
367_2,4156
367_3,4157
367_4,4158
367_5,4159
369_1,4160
369_2,4161
369_3,4162
369_4,4163
369_5,4164
36_1,4165
36_2,4166
36_3,4167
36_4,4168
36_5,4169
370_1,4170
370_2,4171
370_3,4172
370_4,4173
370_5,4174
371_1,4175
371_2,4176
371_3,4177
371_4,4178
371_5,4179
374_1,4180
374_2,4181
374_3,4182
374_4,4183
374_5,4184
376_2,4185
376_3,4186
376_4,4187
376_5,4188
377_1,4189
377_2,4190
377_3,4191
377_4,4192
377_5,4193
378_1,4194
378_2,4195
378_3,4196
378_4,4197
378_5,4198
37_1,4199
37_2,4200
37_3,4201
37_4,4202
37_5,4203
383_1,4204
383_2,4205
383_3,4206
383_4,4207
383_5,4208
384_1,4209
384_2,4210
384_3,4211
384_4,4212
384_5,4213
386_1,4214
386_3,4215
386_4,4216
386_5,4217
388_1,4218
388_2,4219
388_3,4220
388_4,4221
388_5,4222
389_1,4223
389_2,4224
389_3,4225
389_4,4226
389_5,4227
38_1,4228
38_2,4229
38_3,4230
38_4,4231
38_5,4232
390_1,4233
390_2,4234
390_3,4235
390_4,4236
390_5,4237
393_1,4238
393_2,4239
393_3,4240
393_4,4241
393_5,4242
396_1,4243
396_3,4244
399_1,4245
399_2,4246
399_3,4247
399_4,4248
399_5,4249
39_1,4250
39_2,4251
39_3,4252
39_4,4253
39_5,4254
400_1,4255
400_2,4256
400_3,4257
400_4,4258
400_5,4259
403_1,4260
403_2,4261
403_3,4262
403_4,4263
403_5,4264
405_1,4265
405_2,4266
405_3,4267
405_4,4268
405_5,4269
407_1,4270
407_2,4271
407_3,4272
407_4,4273
407_5,4274
408_1,4275
408_2,4276
408_3,4277
408_4,4278
408_5,4279
409_2,4280
409_3,4281
409_4,4282
409_5,4283
40_1,4284
40_2,4285
40_3,4286
40_4,4287
40_5,4288
4108_2,4289
4108_3,4290
4108_4,4291
4108_5,4292
4113_1,4293
4113_2,4294
4113_3,4295
4113_4,4296
4113_5,4297
4115_1,4298
4115_2,4299
4115_3,4300
4115_4,4301
4115_5,4302
4118_1,4303
4118_2,4304
4118_3,4305
4118_4,4306
4118_5,4307
4123_1,4308
4123_2,4309
4123_3,4310
4123_4,4311
4123_5,4312
4124_1,4313
4124_2,4314
4124_3,4315
4124_4,4316
4124_5,4317
4125_1,4318
4125_2,4319
4125_3,4320
4125_4,4321
4125_5,4322
4126_1,4323
4126_2,4324
4126_3,4325
4126_4,4326
4126_5,4327
4129_1,4328
4129_2,4329
4129_3,4330
4129_4,4331
4129_5,4332
412_1,4333
412_2,4334
412_3,4335
412_4,4336
412_5,4337
4130_1,4338
4130_2,4339
4130_3,4340
4130_4,4341
4130_5,4342
4135_1,4343
4135_2,4344
4135_3,4345
4135_4,4346
4135_5,4347
4136_1,4348
4136_2,4349
4136_3,4350
4136_4,4351
4136_5,4352
4137_1,4353
4137_2,4354
4137_3,4355
4137_4,4356
4137_5,4357
413_1,4358
413_2,4359
413_3,4360
413_4,4361
413_5,4362
4143_1,4363
4143_2,4364
4153_1,4365
4153_2,4366
4153_3,4367
4153_4,4368
4153_5,4369
4155_1,4370
4155_2,4371
4155_3,4372
4155_4,4373
4156_1,4374
4156_2,4375
4156_3,4376
4156_4,4377
4156_5,4378
4162_1,4379
4162_2,4380
4162_3,4381
4162_4,4382
4162_5,4383
4164_1,4384
4164_2,4385
4165_1,4386
4165_2,4387
4165_3,4388
4165_4,4389
4165_5,4390
4166_1,4391
4166_2,4392
4166_3,4393
4166_4,4394
4166_5,4395
4168_1,4396
4168_2,4397
4168_3,4398
4168_4,4399
4168_5,4400
416_1,4401
416_2,4402
416_3,4403
416_4,4404
416_5,4405
4170_1,4406
4170_2,4407
4170_3,4408
4170_4,4409
4170_5,4410
4171_1,4411
4171_2,4412
4171_3,4413
4171_4,4414
4171_5,4415
4173_1,4416
4173_2,4417
4173_3,4418
4173_4,4419
4173_5,4420
4177_1,4421
4177_2,4422
4177_3,4423
4177_4,4424
4177_5,4425
4178_1,4426
4178_2,4427
4178_3,4428
4178_4,4429
4178_5,4430
4179_1,4431
4179_2,4432
4179_3,4433
4179_4,4434
4179_5,4435
4180_1,4436
4180_2,4437
4180_3,4438
4180_4,4439
4180_5,4440
4181_1,4441
4181_2,4442
4181_3,4443
4181_4,4444
4184_1,4445
4184_2,4446
4184_3,4447
4184_4,4448
4184_5,4449
4189_1,4450
4189_2,4451
4189_3,4452
4189_4,4453
4189_5,4454
418_1,4455
418_2,4456
418_3,4457
418_4,4458
4191_1,4459
4191_2,4460
4191_3,4461
4191_4,4462
4191_5,4463
4194_1,4464
4194_2,4465
4194_3,4466
4194_4,4467
4194_5,4468
4196_1,4469
4196_2,4470
4196_3,4471
4196_4,4472
4196_5,4473
4198_1,4474
4198_2,4475
4198_3,4476
4198_4,4477
4198_5,4478
4199_1,4479
4199_2,4480
4199_3,4481
4199_4,4482
4199_5,4483
419_1,4484
419_2,4485
419_3,4486
419_4,4487
419_5,4488
41_1,4489
41_2,4490
41_3,4491
41_4,4492
41_5,4493
4201_1,4494
4201_2,4495
4201_4,4496
4201_5,4497
4208_1,4498
4208_2,4499
4208_3,4500
4208_4,4501
4208_5,4502
420_1,4503
420_2,4504
420_3,4505
420_4,4506
420_5,4507
4211_1,4508
4211_2,4509
4211_3,4510
4211_5,4511
4216_1,4512
4216_3,4513
4216_4,4514
4216_5,4515
4218_1,4516
4218_2,4517
4218_3,4518
4218_4,4519
4218_5,4520
421_1,4521
421_2,4522
421_3,4523
421_4,4524
421_5,4525
4223_1,4526
4223_2,4527
4223_3,4528
4223_4,4529
4223_5,4530
4225_1,4531
4226_1,4532
4226_2,4533
4226_3,4534
4226_4,4535
4226_5,4536
4228_1,4537
4228_2,4538
4228_3,4539
4229_1,4540
4229_2,4541
4229_3,4542
4229_4,4543
4229_5,4544
422_1,4545
422_2,4546
422_3,4547
422_5,4548
4230_1,4549
4230_2,4550
4230_3,4551
4230_4,4552
4232_1,4553
4232_2,4554
4232_3,4555
4232_4,4556
4232_5,4557
423_2,4558
423_3,4559
423_5,4560
4242_2,4561
4242_4,4562
4245_1,4563
4245_2,4564
4245_3,4565
4245_4,4566
4245_5,4567
424_1,4568
424_2,4569
424_3,4570
424_4,4571
424_5,4572
4251_1,4573
4251_2,4574
4251_3,4575
4251_4,4576
4251_5,4577
4252_1,4578
4252_2,4579
4252_3,4580
4252_4,4581
4252_5,4582
4254_1,4583
4254_2,4584
4254_3,4585
4254_4,4586
4254_5,4587
4255_1,4588
4255_2,4589
4255_3,4590
4255_4,4591
4255_5,4592
4257_1,4593
4257_2,4594
4257_3,4595
4257_4,4596
4257_5,4597
425_1,4598
425_2,4599
425_3,4600
425_4,4601
425_5,4602
4260_1,4603
4260_2,4604
4260_3,4605
4260_4,4606
4260_5,4607
4262_1,4608
4262_2,4609
4262_3,4610
4262_4,4611
4262_5,4612
4264_1,4613
4264_2,4614
4264_3,4615
4264_4,4616
4264_5,4617
426_1,4618
426_2,4619
426_3,4620
426_4,4621
426_5,4622
4271_1,4623
4271_2,4624
4271_3,4625
4271_4,4626
4271_5,4627
4272_1,4628
4272_2,4629
4272_4,4630
4272_5,4631
4273_1,4632
4273_2,4633
4273_3,4634
4273_4,4635
4273_5,4636
427_1,4637
427_2,4638
427_3,4639
427_4,4640
427_5,4641
4286_1,4642
4286_2,4643
4286_4,4644
4286_5,4645
428_1,4646
428_2,4647
428_3,4648
428_4,4649
428_5,4650
4290_1,4651
4290_2,4652
4290_3,4653
4290_4,4654
4290_5,4655
4291_1,4656
4291_2,4657
4291_3,4658
4291_4,4659
4291_5,4660
4292_1,4661
4294_1,4662
4294_2,4663
4297_1,4664
4297_2,4665
4297_3,4666
4297_4,4667
4297_5,4668
429_1,4669
429_2,4670
429_3,4671
429_4,4672
429_5,4673
4308_1,4674
4308_2,4675
4308_3,4676
4308_4,4677
4308_5,4678
4309_1,4679
4309_2,4680
4309_3,4681
4309_4,4682
4309_5,4683
430_1,4684
430_2,4685
430_3,4686
430_4,4687
430_5,4688
4311_1,4689
4311_2,4690
4311_3,4691
4311_4,4692
4311_5,4693
4316_1,4694
4316_2,4695
4316_3,4696
4316_4,4697
4316_5,4698
4317_1,4699
4317_2,4700
4317_3,4701
4317_4,4702
4317_5,4703
431_1,4704
431_2,4705
431_3,4706
431_4,4707
431_5,4708
432_1,4709
432_2,4710
432_3,4711
432_4,4712
432_5,4713
433_1,4714
433_2,4715
433_3,4716
433_4,4717
433_5,4718
4341_1,4719
4341_2,4720
4341_3,4721
4341_4,4722
4341_5,4723
4342_1,4724
4342_2,4725
4342_3,4726
4342_4,4727
4342_5,4728
4344_1,4729
4344_2,4730
4344_3,4731
4344_4,4732
4344_5,4733
4346_1,4734
4346_3,4735
4346_4,4736
4346_5,4737
4349_1,4738
4349_2,4739
4349_3,4740
4349_4,4741
4349_5,4742
434_1,4743
434_2,4744
434_3,4745
434_4,4746
434_5,4747
4350_1,4748
4350_2,4749
4350_3,4750
4350_4,4751
4350_5,4752
4354_1,4753
4354_2,4754
4354_3,4755
4354_4,4756
4354_5,4757
4356_1,4758
4356_3,4759
4356_4,4760
4356_5,4761
4359_1,4762
4359_2,4763
4359_3,4764
4359_4,4765
4359_5,4766
4361_1,4767
4361_2,4768
4361_3,4769
4361_4,4770
4361_5,4771
4365_1,4772
4365_2,4773
4365_3,4774
4365_4,4775
4365_5,4776
4366_1,4777
4366_2,4778
4366_3,4779
4366_4,4780
4366_5,4781
4369_1,4782
4369_2,4783
4369_3,4784
436_1,4785
436_2,4786
436_3,4787
436_4,4788
436_5,4789
4375_1,4790
4375_2,4791
4375_3,4792
4375_4,4793
4375_5,4794
437_1,4795
437_2,4796
437_3,4797
437_5,4798
4382_1,4799
4382_2,4800
4382_3,4801
4382_4,4802
4384_1,4803
4384_2,4804
4384_3,4805
4384_4,4806
4384_5,4807
4385_1,4808
4385_2,4809
4385_3,4810
4385_4,4811
4385_5,4812
4387_1,4813
4387_2,4814
4387_3,4815
4387_4,4816
438_1,4817
438_2,4818
438_3,4819
438_4,4820
438_5,4821
439_2,4822
439_3,4823
439_5,4824
440_1,4825
440_2,4826
440_3,4827
440_4,4828
440_5,4829
441_1,4830
441_2,4831
441_3,4832
441_4,4833
441_5,4834
4428_1,4835
4428_2,4836
4428_3,4837
4428_4,4838
4428_5,4839
442_1,4840
442_2,4841
442_3,4842
442_4,4843
442_5,4844
4432_1,4845
4432_2,4846
4432_3,4847
4432_4,4848
4432_5,4849
4434_1,4850
4434_2,4851
4434_3,4852
4434_4,4853
4434_5,4854
4435_1,4855
4435_2,4856
4435_4,4857
4435_5,4858
4436_1,4859
4436_2,4860
4436_3,4861
4436_4,4862
4436_5,4863
4437_1,4864
4437_2,4865
4437_3,4866
4437_4,4867
4437_5,4868
4439_1,4869
4439_2,4870
4439_3,4871
4439_4,4872
4439_5,4873
443_1,4874
443_2,4875
443_3,4876
443_4,4877
443_5,4878
4442_1,4879
4442_2,4880
4442_3,4881
4442_4,4882
4442_5,4883
4444_1,4884
4444_2,4885
4444_3,4886
4444_4,4887
4444_5,4888
4447_1,4889
4447_2,4890
4447_3,4891
4447_4,4892
4447_5,4893
4448_1,4894
4448_2,4895
4448_3,4896
4448_4,4897
4448_5,4898
444_1,4899
444_2,4900
444_3,4901
444_4,4902
444_5,4903
4452_1,4904
4452_2,4905
4452_3,4906
4452_4,4907
4452_5,4908
4457_1,4909
4457_2,4910
4457_3,4911
4457_4,4912
4458_1,4913
4458_2,4914
4458_3,4915
4458_4,4916
4458_5,4917
4459_1,4918
4459_2,4919
4459_3,4920
4459_4,4921
4459_5,4922
445_1,4923
445_2,4924
445_3,4925
445_4,4926
445_5,4927
4460_1,4928
4460_2,4929
4460_3,4930
4460_4,4931
4460_5,4932
4466_1,4933
4466_2,4934
4466_3,4935
4466_4,4936
4466_5,4937
446_1,4938
446_2,4939
446_3,4940
446_4,4941
446_5,4942
4474_1,4943
4474_2,4944
4474_3,4945
4474_4,4946
4474_5,4947
447_1,4948
447_2,4949
447_3,4950
447_4,4951
447_5,4952
4487_2,4953
4487_3,4954
4487_5,4955
4488_1,4956
4488_2,4957
4488_3,4958
4488_4,4959
4488_5,4960
4489_1,4961
4489_2,4962
4489_3,4963
4489_4,4964
448_1,4965
448_2,4966
448_3,4967
448_4,4968
448_5,4969
4491_1,4970
4491_2,4971
4491_3,4972
4491_4,4973
4491_5,4974
4495_1,4975
4495_2,4976
4495_4,4977
4495_5,4978
4502_1,4979
4502_2,4980
4502_3,4981
4502_4,4982
4502_5,4983
4504_1,4984
4504_2,4985
4504_3,4986
4504_4,4987
4504_5,4988
450_1,4989
450_2,4990
450_3,4991
450_4,4992
450_5,4993
4520_1,4994
4520_2,4995
4520_3,4996
4520_4,4997
4520_5,4998
4532_1,4999
4532_2,5000
4532_3,5001
4532_4,5002
4532_5,5003
4538_1,5004
4538_2,5005
4538_3,5006
4538_4,5007
4538_5,5008
453_1,5009
453_2,5010
453_3,5011
453_4,5012
453_5,5013
4541_1,5014
4541_2,5015
4541_3,5016
4541_4,5017
4541_5,5018
4543_1,5019
4543_2,5020
4543_3,5021
4543_4,5022
4543_5,5023
454_1,5024
454_2,5025
454_3,5026
454_4,5027
454_5,5028
4550_1,5029
4550_2,5030
4550_3,5031
4550_4,5032
4550_5,5033
4558_1,5034
4558_2,5035
4558_3,5036
4558_4,5037
4558_5,5038
4559_1,5039
4559_2,5040
4559_3,5041
4559_4,5042
4559_5,5043
455_1,5044
455_2,5045
455_3,5046
455_4,5047
455_5,5048
4560_1,5049
4560_3,5050
4560_4,5051
4560_5,5052
4561_1,5053
4561_2,5054
4561_3,5055
4561_4,5056
4561_5,5057
4562_1,5058
4562_2,5059
4562_3,5060
4562_4,5061
4562_5,5062
4564_1,5063
4564_2,5064
4564_3,5065
4564_4,5066
4564_5,5067
4565_1,5068
4565_2,5069
4565_3,5070
4565_4,5071
4565_5,5072
4566_1,5073
4566_2,5074
4566_3,5075
4566_4,5076
4566_5,5077
456_1,5078
456_2,5079
456_3,5080
456_4,5081
456_5,5082
4572_1,5083
4572_2,5084
4572_3,5085
4572_4,5086
4572_5,5087
4575_1,5088
4575_2,5089
4575_3,5090
4575_4,5091
4575_5,5092
457_1,5093
457_2,5094
457_3,5095
457_4,5096
457_5,5097
4585_1,5098
4585_2,5099
4585_3,5100
4585_4,5101
4585_5,5102
4586_1,5103
4586_2,5104
4586_3,5105
4586_4,5106
4586_5,5107
458_1,5108
458_2,5109
458_3,5110
458_4,5111
458_5,5112
459_1,5113
459_2,5114
459_3,5115
459_4,5116
459_5,5117
45_1,5118
45_2,5119
45_3,5120
45_4,5121
45_5,5122
4600_1,5123
4600_2,5124
4600_3,5125
4600_4,5126
4600_5,5127
4605_1,5128
4605_2,5129
4605_3,5130
4605_4,5131
4605_5,5132
4608_1,5133
4608_2,5134
4608_3,5135
4608_4,5136
4608_5,5137
4609_1,5138
4609_2,5139
4609_3,5140
4609_4,5141
4609_5,5142
460_1,5143
460_2,5144
460_3,5145
460_4,5146
460_5,5147
4611_1,5148
4611_2,5149
4611_3,5150
4611_4,5151
4611_5,5152
4613_1,5153
4613_2,5154
4613_3,5155
4613_4,5156
4613_5,5157
4616_1,5158
4616_2,5159
4616_3,5160
4616_4,5161
4616_5,5162
4617_1,5163
4617_2,5164
4617_3,5165
4617_4,5166
4617_5,5167
4618_1,5168
4618_2,5169
4618_3,5170
4618_4,5171
4618_5,5172
461_1,5173
461_2,5174
461_3,5175
461_4,5176
461_5,5177
4620_1,5178
4620_2,5179
4620_3,5180
4620_4,5181
4620_5,5182
463_1,5183
463_2,5184
463_3,5185
463_4,5186
463_5,5187
4649_1,5188
4649_2,5189
4649_3,5190
4649_4,5191
4649_5,5192
464_1,5193
464_2,5194
464_3,5195
464_4,5196
464_5,5197
465_1,5198
465_2,5199
465_3,5200
465_4,5201
465_5,5202
4669_1,5203
4669_2,5204
466_1,5205
466_2,5206
466_3,5207
466_4,5208
466_5,5209
4675_1,5210
4675_2,5211
4675_3,5212
4675_4,5213
4675_5,5214
467_1,5215
467_2,5216
467_3,5217
467_4,5218
467_5,5219
4680_1,5220
4680_2,5221
4680_3,5222
4680_4,5223
4680_5,5224
468_1,5225
468_2,5226
468_3,5227
468_4,5228
468_5,5229
4691_1,5230
4691_2,5231
4691_3,5232
4691_4,5233
4691_5,5234
4696_1,5235
4696_2,5236
4696_3,5237
4696_4,5238
4696_5,5239
469_1,5240
469_2,5241
469_4,5242
469_5,5243
46_1,5244
46_2,5245
46_3,5246
46_4,5247
46_5,5248
4704_1,5249
4704_2,5250
4704_3,5251
4704_4,5252
4704_5,5253
4705_1,5254
4705_2,5255
4705_3,5256
4705_4,5257
4705_5,5258
4706_1,5259
4706_2,5260
4706_3,5261
4706_4,5262
4706_5,5263
4707_1,5264
4707_2,5265
4707_3,5266
4707_4,5267
4707_5,5268
4708_1,5269
4708_2,5270
4708_3,5271
4708_4,5272
4708_5,5273
4709_1,5274
4709_2,5275
4709_3,5276
4709_4,5277
4709_5,5278
4710_1,5279
4710_2,5280
4710_3,5281
4710_4,5282
4710_5,5283
4713_1,5284
4713_2,5285
4713_3,5286
4713_4,5287
4713_5,5288
4716_1,5289
4716_2,5290
4716_3,5291
4716_4,5292
4716_5,5293
471_1,5294
471_2,5295
471_3,5296
471_4,5297
471_5,5298
4725_1,5299
4725_2,5300
4725_3,5301
4725_5,5302
4728_1,5303
4728_2,5304
4728_3,5305
4728_4,5306
4728_5,5307
472_1,5308
472_2,5309
472_3,5310
472_4,5311
472_5,5312
4731_1,5313
4731_2,5314
4731_4,5315
4731_5,5316
4732_1,5317
4732_3,5318
4732_5,5319
4734_1,5320
4734_2,5321
4734_3,5322
4734_4,5323
4734_5,5324
4742_1,5325
4742_2,5326
4742_3,5327
4742_4,5328
4742_5,5329
4747_1,5330
4747_2,5331
4747_3,5332
4747_4,5333
4747_5,5334
474_1,5335
474_2,5336
474_3,5337
474_4,5338
474_5,5339
4750_1,5340
4750_2,5341
4750_3,5342
4750_4,5343
4750_5,5344
4756_1,5345
4756_2,5346
4756_3,5347
4756_4,5348
4756_5,5349
475_1,5350
475_2,5351
475_3,5352
475_4,5353
475_5,5354
4762_1,5355
4762_2,5356
4762_3,5357
4762_4,5358
4762_5,5359
4767_1,5360
4767_2,5361
4767_3,5362
4767_4,5363
4767_5,5364
476_1,5365
476_2,5366
476_3,5367
476_4,5368
476_5,5369
4773_3,5370
4773_4,5371
4773_5,5372
4774_1,5373
4774_2,5374
4774_3,5375
4774_4,5376
4774_5,5377
4779_1,5378
4779_2,5379
4779_3,5380
4779_4,5381
4779_5,5382
477_1,5383
477_2,5384
477_3,5385
477_4,5386
477_5,5387
4784_1,5388
4784_2,5389
4784_3,5390
4784_4,5391
4787_2,5392
4787_3,5393
4787_4,5394
4790_1,5395
4790_2,5396
4790_4,5397
4790_5,5398
4793_1,5399
4793_2,5400
4793_3,5401
4793_4,5402
4793_5,5403
479_1,5404
479_2,5405
479_3,5406
479_4,5407
479_5,5408
47_1,5409
47_2,5410
47_3,5411
47_4,5412
47_5,5413
4800_1,5414
4800_2,5415
4800_3,5416
4800_4,5417
4800_5,5418
4802_1,5419
4802_2,5420
4802_3,5421
4802_4,5422
4802_5,5423
4807_1,5424
4807_2,5425
4807_3,5426
4807_4,5427
4807_5,5428
4810_1,5429
4810_2,5430
4810_3,5431
4810_4,5432
4810_5,5433
4811_1,5434
4811_2,5435
4811_3,5436
4811_4,5437
4811_5,5438
4814_1,5439
4814_2,5440
4814_3,5441
4814_4,5442
4814_5,5443
4817_1,5444
4817_2,5445
4817_3,5446
4817_4,5447
4817_5,5448
4818_1,5449
4818_2,5450
4818_3,5451
4818_4,5452
4818_5,5453
4819_1,5454
4819_2,5455
4819_3,5456
4819_4,5457
4819_5,5458
481_1,5459
481_2,5460
481_3,5461
481_4,5462
481_5,5463
4820_5,5464
4821_1,5465
4821_2,5466
4821_3,5467
4822_1,5468
4822_2,5469
4822_3,5470
4822_4,5471
4822_5,5472
4823_1,5473
4823_2,5474
4823_3,5475
4823_4,5476
4823_5,5477
4828_1,5478
4828_2,5479
4828_3,5480
4828_4,5481
4828_5,5482
482_1,5483
482_2,5484
482_3,5485
482_4,5486
482_5,5487
4831_1,5488
4831_2,5489
4831_3,5490
4831_4,5491
4831_5,5492
4833_1,5493
4833_2,5494
4833_3,5495
4833_4,5496
4833_5,5497
4834_1,5498
4834_2,5499
4834_3,5500
4834_4,5501
4834_5,5502
4837_1,5503
4837_2,5504
4837_3,5505
4837_4,5506
4837_5,5507
484_1,5508
484_2,5509
484_3,5510
484_4,5511
484_5,5512
4850_2,5513
4850_3,5514
4850_4,5515
4850_5,5516
4852_1,5517
4852_2,5518
4852_3,5519
4852_5,5520
485_1,5521
485_2,5522
485_3,5523
485_4,5524
485_5,5525
4865_1,5526
4865_2,5527
4865_3,5528
4865_4,5529
4865_5,5530
4871_1,5531
4871_2,5532
4871_3,5533
4871_4,5534
4871_5,5535
4872_1,5536
4872_2,5537
4872_3,5538
4872_4,5539
4872_5,5540
4875_1,5541
4875_3,5542
4875_4,5543
4875_5,5544
4876_1,5545
4876_2,5546
4876_3,5547
4876_4,5548
4876_5,5549
487_1,5550
487_2,5551
487_3,5552
487_4,5553
487_5,5554
4880_1,5555
4880_2,5556
4880_3,5557
4880_4,5558
4880_5,5559
4883_1,5560
4883_2,5561
4883_3,5562
4883_4,5563
4883_5,5564
4887_1,5565
488_1,5566
488_2,5567
488_3,5568
488_4,5569
488_5,5570
4896_1,5571
4896_2,5572
489_1,5573
489_2,5574
489_3,5575
489_4,5576
489_5,5577
490_1,5578
490_2,5579
490_3,5580
490_4,5581
490_5,5582
4912_1,5583
4912_2,5584
4912_3,5585
4912_4,5586
4912_5,5587
4917_1,5588
4917_2,5589
4917_3,5590
4917_4,5591
4917_5,5592
4918_1,5593
4918_2,5594
4918_3,5595
4918_4,5596
4918_5,5597
491_1,5598
491_2,5599
491_3,5600
491_4,5601
491_5,5602
4920_1,5603
4920_2,5604
4920_3,5605
4920_4,5606
4920_5,5607
4922_1,5608
4922_2,5609
4922_3,5610
4922_4,5611
4923_1,5612
4923_2,5613
4923_3,5614
4923_4,5615
4923_5,5616
4927_1,5617
4927_2,5618
4927_3,5619
4927_4,5620
4927_5,5621
4928_1,5622
4928_2,5623
4928_3,5624
4928_4,5625
4928_5,5626
492_1,5627
492_2,5628
492_3,5629
492_4,5630
492_5,5631
4936_1,5632
4936_2,5633
4936_3,5634
4936_4,5635
493_5,5636
4948_1,5637
4948_2,5638
4948_3,5639
4948_4,5640
4948_5,5641
494_1,5642
494_2,5643
494_3,5644
494_4,5645
494_5,5646
4970_1,5647
4970_2,5648
4970_3,5649
4970_4,5650
4970_5,5651
4971_1,5652
4971_2,5653
4971_3,5654
4971_5,5655
497_1,5656
497_2,5657
497_3,5658
497_4,5659
497_5,5660
4980_1,5661
4980_2,5662
4980_3,5663
4980_4,5664
4980_5,5665
4988_1,5666
4988_2,5667
4988_3,5668
4988_4,5669
4988_5,5670
498_1,5671
498_2,5672
498_3,5673
498_4,5674
498_5,5675
4994_1,5676
4994_2,5677
4994_3,5678
4994_4,5679
4994_5,5680
4995_2,5681
4995_3,5682
4995_4,5683
4995_5,5684
499_1,5685
499_2,5686
499_3,5687
499_4,5688
499_5,5689
49_1,5690
49_2,5691
49_3,5692
49_4,5693
49_5,5694
5000_1,5695
5000_2,5696
5000_3,5697
5000_4,5698
5000_5,5699
5001_1,5700
5001_2,5701
5001_3,5702
5001_4,5703
5001_5,5704
500_1,5705
500_2,5706
500_3,5707
500_4,5708
500_5,5709
501_1,5710
501_2,5711
501_3,5712
501_4,5713
501_5,5714
5020_1,5715
5020_2,5716
5027_1,5717
5027_2,5718
5027_3,5719
5027_4,5720
5027_5,5721
502_1,5722
502_2,5723
502_3,5724
502_4,5725
502_5,5726
5030_1,5727
5030_2,5728
5030_3,5729
5030_4,5730
5030_5,5731
5032_1,5732
5032_2,5733
5032_3,5734
5032_4,5735
5032_5,5736
5036_1,5737
5036_2,5738
5036_3,5739
5036_4,5740
5036_5,5741
503_1,5742
503_2,5743
503_3,5744
503_4,5745
503_5,5746
5041_1,5747
5041_2,5748
5041_3,5749
5041_4,5750
5041_5,5751
5045_1,5752
5045_2,5753
5045_3,5754
5045_4,5755
5045_5,5756
5048_1,5757
5048_2,5758
5048_3,5759
5048_4,5760
5048_5,5761
504_1,5762
504_2,5763
504_3,5764
504_4,5765
504_5,5766
5063_1,5767
5063_2,5768
5063_3,5769
5063_4,5770
5063_5,5771
5065_1,5772
5065_2,5773
5065_3,5774
5065_4,5775
5065_5,5776
5067_1,5777
5067_2,5778
5067_3,5779
5067_4,5780
5067_5,5781
506_1,5782
506_2,5783
506_3,5784
506_4,5785
506_5,5786
5071_1,5787
5071_2,5788
5071_3,5789
5071_4,5790
5071_5,5791
5072_1,5792
5072_3,5793
5072_4,5794
5072_5,5795
5073_1,5796
5073_2,5797
5073_3,5798
5073_4,5799
5073_5,5800
5074_1,5801
5074_2,5802
5074_3,5803
5074_4,5804
5074_5,5805
5076_1,5806
5076_2,5807
5076_3,5808
5076_4,5809
5076_5,5810
5079_1,5811
5079_2,5812
5079_3,5813
5079_4,5814
5079_5,5815
507_1,5816
507_2,5817
507_3,5818
507_4,5819
507_5,5820
5099_1,5821
5099_2,5822
5099_3,5823
5099_4,5824
5099_5,5825
5100_1,5826
5100_2,5827
5100_3,5828
5100_4,5829
5100_5,5830
5105_1,5831
5105_2,5832
5105_4,5833
5105_5,5834
510_1,5835
510_2,5836
510_3,5837
510_4,5838
510_5,5839
5119_1,5840
5119_2,5841
5119_3,5842
5119_4,5843
5119_5,5844
511_1,5845
511_2,5846
511_3,5847
511_4,5848
511_5,5849
5126_2,5850
5126_3,5851
5126_4,5852
5126_5,5853
512_1,5854
512_2,5855
512_3,5856
512_4,5857
512_5,5858
5140_1,5859
5140_2,5860
5140_3,5861
5140_4,5862
5140_5,5863
5147_1,5864
5147_2,5865
5147_3,5866
5147_4,5867
5147_5,5868
5149_1,5869
5149_2,5870
5149_3,5871
5149_4,5872
5149_5,5873
514_1,5874
514_2,5875
514_3,5876
514_4,5877
514_5,5878
5150_1,5879
5150_2,5880
5150_3,5881
5150_4,5882
5150_5,5883
5153_2,5884
5153_3,5885
5153_4,5886
5153_5,5887
5154_1,5888
5154_2,5889
5154_3,5890
5154_4,5891
5154_5,5892
5157_1,5893
5157_2,5894
5157_3,5895
5157_4,5896
5157_5,5897
515_1,5898
515_2,5899
515_3,5900
515_4,5901
515_5,5902
5165_1,5903
5165_2,5904
5165_3,5905
5165_4,5906
5165_5,5907
5168_1,5908
5168_2,5909
5168_3,5910
5168_4,5911
5168_5,5912
516_1,5913
516_2,5914
516_3,5915
516_4,5916
516_5,5917
5172_1,5918
5172_2,5919
5172_3,5920
5172_4,5921
5172_5,5922
5175_1,5923
5175_2,5924
5175_3,5925
5175_4,5926
5175_5,5927
517_1,5928
517_2,5929
517_3,5930
517_4,5931
517_5,5932
5180_1,5933
5180_2,5934
5180_3,5935
5180_4,5936
5184_1,5937
5184_2,5938
5184_3,5939
5184_4,5940
5184_5,5941
518_1,5942
518_2,5943
518_3,5944
518_4,5945
518_5,5946
519_1,5947
519_2,5948
519_3,5949
519_4,5950
519_5,5951
51_1,5952
51_2,5953
51_3,5954
51_4,5955
51_5,5956
5202_1,5957
5202_2,5958
5202_3,5959
5202_4,5960
5202_5,5961
5205_1,5962
5205_2,5963
5205_3,5964
5205_4,5965
5205_5,5966
5215_1,5967
5215_3,5968
5215_5,5969
5216_1,5970
5216_2,5971
5216_3,5972
5216_4,5973
5216_5,5974
5217_1,5975
5217_2,5976
5217_3,5977
5217_4,5978
5217_5,5979
521_1,5980
521_2,5981
521_3,5982
521_4,5983
521_5,5984
5226_1,5985
5226_2,5986
5226_3,5987
5226_4,5988
5226_5,5989
522_1,5990
522_2,5991
522_3,5992
522_4,5993
522_5,5994
5235_1,5995
5235_2,5996
5235_3,5997
5235_4,5998
5235_5,5999
5237_1,6000
5237_2,6001
5237_3,6002
5237_4,6003
5237_5,6004
5238_1,6005
5238_2,6006
5238_3,6007
5238_4,6008
5238_5,6009
5239_1,6010
5239_2,6011
5239_3,6012
5239_4,6013
5239_5,6014
523_1,6015
523_2,6016
523_3,6017
523_4,6018
523_5,6019
5249_1,6020
5249_2,6021
5249_3,6022
5249_4,6023
5249_5,6024
524_1,6025
524_2,6026
524_3,6027
524_4,6028
524_5,6029
5254_1,6030
5254_2,6031
5254_3,6032
5254_4,6033
5254_5,6034
5256_1,6035
5256_2,6036
5256_3,6037
5256_4,6038
5256_5,6039
5257_1,6040
5257_2,6041
5257_3,6042
5257_5,6043
5258_1,6044
5258_2,6045
5258_3,6046
5258_4,6047
5258_5,6048
525_1,6049
525_2,6050
525_3,6051
525_4,6052
525_5,6053
5260_1,6054
5260_2,6055
5260_3,6056
5260_4,6057
5260_5,6058
5266_1,6059
5266_2,6060
5266_3,6061
5266_4,6062
5266_5,6063
5267_1,6064
5267_2,6065
5267_3,6066
5267_4,6067
5267_5,6068
526_1,6069
526_2,6070
526_3,6071
526_4,6072
526_5,6073
527_1,6074
527_2,6075
527_3,6076
527_4,6077
527_5,6078
528_1,6079
528_2,6080
528_3,6081
528_4,6082
528_5,6083
5297_1,6084
5297_2,6085
5297_3,6086
5297_4,6087
5297_5,6088
5299_1,6089
5299_2,6090
5299_3,6091
5299_4,6092
5299_5,6093
529_1,6094
529_2,6095
529_3,6096
529_4,6097
529_5,6098
52_1,6099
52_2,6100
52_3,6101
52_4,6102
52_5,6103
5306_1,6104
5306_3,6105
5306_4,6106
5306_5,6107
530_1,6108
530_2,6109
530_3,6110
530_4,6111
530_5,6112
5310_1,6113
5310_2,6114
5310_3,6115
5310_4,6116
5310_5,6117
5313_1,6118
5313_2,6119
5313_3,6120
5313_4,6121
5313_5,6122
531_1,6123
531_2,6124
531_3,6125
531_4,6126
531_5,6127
532_1,6128
532_2,6129
532_3,6130
532_4,6131
532_5,6132
533_1,6133
533_3,6134
533_4,6135
533_5,6136
5346_1,6137
5346_2,6138
5346_3,6139
5346_4,6140
5346_5,6141
5348_1,6142
5348_2,6143
5348_3,6144
5348_4,6145
5348_5,6146
534_1,6147
534_2,6148
534_3,6149
534_4,6150
534_5,6151
5353_1,6152
5353_2,6153
5353_3,6154
5353_4,6155
5353_5,6156
5358_1,6157
5358_2,6158
5358_3,6159
5358_4,6160
5358_5,6161
535_1,6162
535_2,6163
535_3,6164
535_4,6165
535_5,6166
5360_1,6167
5360_2,6168
5360_3,6169
5360_4,6170
5360_5,6171
5365_1,6172
5365_2,6173
5365_3,6174
5365_4,6175
5365_5,6176
536_1,6177
536_2,6178
536_3,6179
536_4,6180
536_5,6181
5375_1,6182
5375_2,6183
5375_3,6184
5375_4,6185
537_1,6186
537_2,6187
537_3,6188
537_4,6189
537_5,6190
538_1,6191
538_2,6192
538_3,6193
538_4,6194
539_1,6195
539_2,6196
539_3,6197
539_4,6198
539_5,6199
53_1,6200
53_2,6201
53_3,6202
53_4,6203
53_5,6204
540_1,6205
540_2,6206
540_3,6207
540_4,6208
540_5,6209
5412_1,6210
5412_2,6211
5412_3,6212
5412_4,6213
5412_5,6214
5414_1,6215
5414_2,6216
5414_3,6217
5414_4,6218
5414_5,6219
5416_1,6220
5416_2,6221
5416_3,6222
5416_4,6223
5416_5,6224
541_1,6225
541_2,6226
541_3,6227
541_4,6228
541_5,6229
5420_1,6230
5420_2,6231
5420_3,6232
5420_4,6233
5420_5,6234
5421_1,6235
5421_2,6236
5421_3,6237
5421_4,6238
5421_5,6239
5423_1,6240
5423_2,6241
5423_3,6242
5423_4,6243
5423_5,6244
5425_1,6245
5425_2,6246
5425_3,6247
5425_4,6248
5425_5,6249
5427_1,6250
5427_2,6251
5427_3,6252
5427_4,6253
5427_5,6254
5428_1,6255
5428_2,6256
5428_3,6257
5428_4,6258
5428_5,6259
5429_1,6260
5429_2,6261
5429_3,6262
5429_4,6263
5429_5,6264
542_1,6265
542_2,6266
542_3,6267
542_4,6268
542_5,6269
5434_1,6270
5434_2,6271
5434_3,6272
5434_4,6273
5434_5,6274
5437_1,6275
5437_2,6276
5437_3,6277
5437_4,6278
5437_5,6279
5439_1,6280
5439_2,6281
5439_3,6282
5439_4,6283
5439_5,6284
543_1,6285
543_2,6286
543_3,6287
543_4,6288
543_5,6289
5441_1,6290
5441_2,6291
5441_3,6292
5441_4,6293
5444_1,6294
5444_2,6295
5444_3,6296
5444_4,6297
5444_5,6298
5446_1,6299
5446_2,6300
5446_3,6301
5446_4,6302
5446_5,6303
544_1,6304
544_2,6305
544_3,6306
544_4,6307
544_5,6308
5452_1,6309
5452_2,6310
5452_3,6311
5452_4,6312
5452_5,6313
5453_1,6314
5453_3,6315
5453_4,6316
5453_5,6317
5459_1,6318
5459_2,6319
5459_3,6320
5459_4,6321
5459_5,6322
545_1,6323
545_2,6324
545_3,6325
545_4,6326
545_5,6327
546_1,6328
546_2,6329
546_3,6330
546_4,6331
546_5,6332
5472_1,6333
5472_2,6334
5472_3,6335
5472_4,6336
5472_5,6337
5475_1,6338
5475_2,6339
5475_3,6340
5475_4,6341
5475_5,6342
547_1,6343
547_2,6344
547_3,6345
547_4,6346
547_5,6347
5480_1,6348
5480_2,6349
5480_3,6350
5480_4,6351
5480_5,6352
5485_1,6353
5485_2,6354
5485_3,6355
5485_4,6356
5485_5,6357
5487_1,6358
5487_2,6359
5487_3,6360
5487_4,6361
5487_5,6362
5488_1,6363
5488_2,6364
548_1,6365
548_2,6366
548_3,6367
548_4,6368
548_5,6369
54_1,6370
54_2,6371
54_3,6372
54_4,6373
54_5,6374
5503_1,6375
5503_3,6376
5503_4,6377
5503_5,6378
5537_1,6379
5537_2,6380
5537_3,6381
5537_4,6382
5537_5,6383
5547_2,6384
5547_3,6385
5547_4,6386
5547_5,6387
5549_1,6388
5549_2,6389
5549_3,6390
5549_4,6391
5549_5,6392
554_1,6393
554_2,6394
554_3,6395
554_4,6396
554_5,6397
5565_1,6398
5565_2,6399
5565_3,6400
5565_4,6401
5565_5,6402
5594_1,6403
5594_2,6404
5594_3,6405
5594_4,6406
5594_5,6407
55_1,6408
55_2,6409
55_3,6410
55_4,6411
55_5,6412
5600_1,6413
5600_2,6414
5600_3,6415
5600_4,6416
5600_5,6417
5615_1,6418
5615_2,6419
5615_3,6420
5615_4,6421
5615_5,6422
562_1,6423
562_2,6424
562_3,6425
562_4,6426
562_5,6427
5630_1,6428
5630_2,6429
5630_3,6430
5630_4,6431
5630_5,6432
5631_1,6433
5631_3,6434
5631_4,6435
5636_1,6436
5636_2,6437
5636_3,6438
5636_4,6439
5636_5,6440
5638_1,6441
5638_2,6442
5638_3,6443
5638_4,6444
5638_5,6445
5639_1,6446
5639_2,6447
5639_3,6448
5639_4,6449
5639_5,6450
563_1,6451
563_2,6452
563_3,6453
563_4,6454
563_5,6455
5649_1,6456
5649_2,6457
5649_3,6458
5649_4,6459
5649_5,6460
565_1,6461
565_2,6462
565_3,6463
565_4,6464
565_5,6465
5660_1,6466
5660_2,6467
5660_3,6468
5660_4,6469
5660_5,6470
5666_1,6471
5666_2,6472
5666_3,6473
5666_4,6474
5666_5,6475
5667_1,6476
5667_2,6477
5667_3,6478
5667_4,6479
5667_5,6480
5670_1,6481
5670_2,6482
5670_3,6483
5670_4,6484
5670_5,6485
5678_1,6486
5678_2,6487
5678_3,6488
5678_4,6489
5678_5,6490
567_1,6491
567_2,6492
567_3,6493
567_4,6494
567_5,6495
5688_1,6496
5688_2,6497
5688_3,6498
5688_4,6499
5688_5,6500
5689_1,6501
5689_2,6502
5689_3,6503
5689_4,6504
5689_5,6505
569_1,6506
569_2,6507
569_3,6508
569_4,6509
569_5,6510
56_1,6511
56_2,6512
56_3,6513
56_4,6514
56_5,6515
570_1,6516
570_2,6517
570_4,6518
570_5,6519
572_1,6520
572_2,6521
572_3,6522
572_4,6523
572_5,6524
5745_1,6525
5745_2,6526
5745_3,6527
5745_4,6528
5745_5,6529
5746_1,6530
5746_2,6531
5749_1,6532
5749_2,6533
5749_3,6534
5749_4,6535
5749_5,6536
5754_1,6537
5754_2,6538
5754_3,6539
5754_4,6540
5754_5,6541
575_1,6542
575_2,6543
575_3,6544
575_4,6545
575_5,6546
5767_1,6547
5767_2,6548
5767_3,6549
5767_4,6550
5767_5,6551
5768_1,6552
5768_2,6553
5768_3,6554
5768_4,6555
5768_5,6556
576_1,6557
576_2,6558
576_3,6559
576_4,6560
576_5,6561
5772_1,6562
5772_3,6563
5772_4,6564
5772_5,6565
5785_1,6566
5785_2,6567
5785_3,6568
5785_4,6569
5785_5,6570
5787_1,6571
5787_2,6572
5787_3,6573
5787_4,6574
5787_5,6575
5789_1,6576
5789_2,6577
5789_3,6578
5789_4,6579
5789_5,6580
578_1,6581
578_2,6582
578_3,6583
578_4,6584
578_5,6585
5790_1,6586
5790_2,6587
5790_3,6588
5790_4,6589
5790_5,6590
57_1,6591
57_2,6592
57_3,6593
57_4,6594
57_5,6595
5806_1,6596
5806_2,6597
5806_3,6598
5806_4,6599
5806_5,6600
580_1,6601
580_3,6602
580_4,6603
580_5,6604
581_1,6605
581_2,6606
581_3,6607
581_4,6608
581_5,6609
582_1,6610
582_2,6611
582_4,6612
582_5,6613
5833_1,6614
5833_2,6615
5833_3,6616
5833_4,6617
5833_5,6618
5836_1,6619
5836_2,6620
5836_3,6621
5836_4,6622
5836_5,6623
583_1,6624
583_2,6625
583_3,6626
583_4,6627
583_5,6628
5841_1,6629
5841_2,6630
5841_3,6631
5841_4,6632
5841_5,6633
5844_1,6634
5844_2,6635
5844_3,6636
5844_4,6637
5844_5,6638
5845_1,6639
5845_2,6640
5845_3,6641
5845_4,6642
5845_5,6643
5847_1,6644
5847_2,6645
5847_3,6646
5847_4,6647
5847_5,6648
585_1,6649
585_3,6650
585_4,6651
585_5,6652
5879_1,6653
5879_2,6654
5879_3,6655
5879_4,6656
5879_5,6657
5883_1,6658
5883_2,6659
5883_3,6660
5883_4,6661
5883_5,6662
5890_1,6663
5890_2,6664
5890_3,6665
5890_4,6666
5890_5,6667
5891_1,6668
5891_2,6669
5891_3,6670
5891_4,6671
5891_5,6672
58_1,6673
58_2,6674
58_3,6675
58_4,6676
58_5,6677
5913_1,6678
5913_2,6679
5913_3,6680
5913_4,6681
5913_5,6682
5914_1,6683
5914_2,6684
5914_3,6685
5914_4,6686
5914_5,6687
591_1,6688
591_2,6689
591_3,6690
591_5,6691
5925_1,6692
5925_2,6693
5925_3,6694
5925_4,6695
5925_5,6696
5926_1,6697
5926_2,6698
5926_3,6699
5926_4,6700
5926_5,6701
5927_1,6702
5927_2,6703
5927_3,6704
5927_4,6705
5927_5,6706
5929_1,6707
5929_2,6708
5929_3,6709
5929_4,6710
5929_5,6711
592_1,6712
592_2,6713
592_3,6714
592_4,6715
592_5,6716
5934_1,6717
5934_2,6718
5934_3,6719
5934_5,6720
5947_1,6721
5947_2,6722
5947_3,6723
5947_4,6724
5947_5,6725
5948_1,6726
5948_2,6727
5948_3,6728
5948_4,6729
5948_5,6730
5950_1,6731
5950_2,6732
5950_3,6733
5950_4,6734
5950_5,6735
5953_1,6736
5953_2,6737
5953_3,6738
5953_4,6739
5953_5,6740
5958_1,6741
5958_2,6742
5958_4,6743
5958_5,6744
5966_1,6745
5966_2,6746
5966_3,6747
5966_4,6748
5966_5,6749
5969_1,6750
5969_2,6751
5969_3,6752
5969_4,6753
5969_5,6754
5978_1,6755
5978_2,6756
5978_3,6757
5978_4,6758
5978_5,6759
5984_1,6760
5984_2,6761
5984_3,6762
5984_4,6763
5984_5,6764
5988_1,6765
5988_2,6766
5988_3,6767
5988_4,6768
5988_5,6769
599_2,6770
599_3,6771
599_4,6772
599_5,6773
59_1,6774
59_2,6775
59_3,6776
59_4,6777
59_5,6778
6006_1,6779
6006_2,6780
6008_2,6781
6008_3,6782
6008_4,6783
6008_5,6784
6016_1,6785
6016_2,6786
6016_3,6787
6016_4,6788
6016_5,6789
601_1,6790
601_2,6791
601_3,6792
601_4,6793
601_5,6794
602_1,6795
602_2,6796
602_3,6797
602_4,6798
602_5,6799
6032_1,6800
6032_2,6801
6032_3,6802
6032_4,6803
6032_5,6804
603_3,6805
603_4,6806
603_5,6807
6046_1,6808
6046_2,6809
6046_3,6810
6046_4,6811
6046_5,6812
6048_4,6813
604_1,6814
604_2,6815
604_3,6816
604_4,6817
604_5,6818
6052_1,6819
6052_2,6820
6052_3,6821
6052_4,6822
6052_5,6823
6054_1,6824
6054_2,6825
6054_3,6826
6054_4,6827
6054_5,6828
605_1,6829
605_2,6830
605_3,6831
605_4,6832
605_5,6833
6064_1,6834
6064_2,6835
6064_3,6836
6064_4,6837
6064_5,6838
606_1,6839
606_2,6840
606_3,6841
606_4,6842
606_5,6843
6075_1,6844
6075_2,6845
6075_3,6846
6075_4,6847
6075_5,6848
607_1,6849
607_2,6850
607_3,6851
607_4,6852
607_5,6853
609_1,6854
609_2,6855
609_3,6856
609_4,6857
609_5,6858
610_1,6859
610_2,6860
610_3,6861
610_4,6862
610_5,6863
6120_1,6864
6120_2,6865
6120_3,6866
6120_4,6867
6120_5,6868
6121_1,6869
6121_2,6870
6121_3,6871
6121_4,6872
6121_5,6873
6123_1,6874
6123_2,6875
6123_3,6876
6123_4,6877
6123_5,6878
612_1,6879
612_2,6880
612_3,6881
612_4,6882
612_5,6883
6130_1,6884
6130_2,6885
6130_3,6886
6130_4,6887
6130_5,6888
6132_1,6889
6132_2,6890
6132_3,6891
6132_4,6892
6132_5,6893
6137_1,6894
6137_2,6895
6137_3,6896
6137_4,6897
6137_5,6898
613_1,6899
613_2,6900
613_3,6901
613_4,6902
613_5,6903
6146_1,6904
6146_2,6905
6146_3,6906
6146_4,6907
6146_5,6908
614_1,6909
614_2,6910
614_3,6911
614_4,6912
614_5,6913
6150_1,6914
6150_2,6915
6150_3,6916
6150_4,6917
6150_5,6918
6151_1,6919
6151_2,6920
6151_3,6921
6151_4,6922
6151_5,6923
6159_1,6924
6159_2,6925
6159_3,6926
6159_4,6927
6159_5,6928
615_1,6929
615_2,6930
615_3,6931
615_4,6932
615_5,6933
6160_1,6934
6160_2,6935
6160_3,6936
6160_4,6937
6160_5,6938
6161_1,6939
6161_2,6940
6161_3,6941
6161_4,6942
6161_5,6943
6165_1,6944
6165_2,6945
6165_3,6946
6165_4,6947
6165_5,6948
616_2,6949
616_4,6950
616_5,6951
617_1,6952
617_2,6953
617_3,6954
617_4,6955
617_5,6956
6182_1,6957
6182_2,6958
6182_3,6959
6182_4,6960
6182_5,6961
6187_1,6962
6187_2,6963
6187_3,6964
6187_4,6965
6187_5,6966
6189_2,6967
6189_3,6968
6189_4,6969
6189_5,6970
618_1,6971
618_2,6972
618_3,6973
618_4,6974
618_5,6975
6191_1,6976
6191_2,6977
6191_3,6978
6191_4,6979
6191_5,6980
6196_1,6981
6196_2,6982
619_1,6983
619_2,6984
619_3,6985
619_4,6986
619_5,6987
61_1,6988
61_2,6989
61_3,6990
61_4,6991
61_5,6992
6202_1,6993
6202_2,6994
6202_3,6995
6202_4,6996
6202_5,6997
6203_1,6998
6203_2,6999
6203_3,7000
6203_4,7001
6203_5,7002
6205_1,7003
6205_2,7004
620_1,7005
620_2,7006
620_3,7007
620_4,7008
620_5,7009
621_1,7010
621_2,7011
621_3,7012
621_4,7013
621_5,7014
622_1,7015
622_2,7016
622_3,7017
622_4,7018
622_5,7019
625_1,7020
625_2,7021
625_3,7022
625_4,7023
625_5,7024
627_1,7025
627_2,7026
627_3,7027
627_4,7028
627_5,7029
629_1,7030
629_2,7031
629_3,7032
629_4,7033
629_5,7034
630_1,7035
630_2,7036
630_3,7037
630_4,7038
630_5,7039
631_1,7040
631_2,7041
631_3,7042
631_4,7043
631_5,7044
632_1,7045
632_2,7046
632_3,7047
632_4,7048
632_5,7049
635_1,7050
635_2,7051
635_3,7052
635_4,7053
635_5,7054
637_1,7055
637_2,7056
637_3,7057
637_4,7058
637_5,7059
63_1,7060
63_2,7061
63_3,7062
63_4,7063
63_5,7064
641_1,7065
641_2,7066
641_3,7067
641_4,7068
641_5,7069
644_1,7070
644_2,7071
644_3,7072
644_4,7073
644_5,7074
646_1,7075
646_2,7076
646_3,7077
646_4,7078
646_5,7079
64_1,7080
64_2,7081
64_4,7082
64_5,7083
652_1,7084
652_2,7085
652_3,7086
652_4,7087
652_5,7088
65_1,7089
65_2,7090
65_3,7091
65_4,7092
65_5,7093
660_1,7094
660_2,7095
660_3,7096
660_4,7097
660_5,7098
6619_1,7099
661_1,7100
661_2,7101
661_3,7102
661_4,7103
661_5,7104
669_1,7105
669_2,7106
669_3,7107
669_4,7108
669_5,7109
66_1,7110
66_2,7111
66_3,7112
66_4,7113
66_5,7114
674_1,7115
674_2,7116
674_3,7117
674_4,7118
674_5,7119
676_3,7120
676_4,7121
676_5,7122
679_1,7123
679_3,7124
679_4,7125
679_5,7126
67_1,7127
67_2,7128
67_3,7129
67_4,7130
67_5,7131
680_1,7132
680_2,7133
680_4,7134
680_5,7135
681_1,7136
681_2,7137
681_3,7138
681_4,7139
681_5,7140
682_1,7141
682_2,7142
682_3,7143
682_4,7144
682_5,7145
683_1,7146
683_2,7147
683_3,7148
683_4,7149
683_5,7150
685_2,7151
686_1,7152
686_2,7153
686_3,7154
686_4,7155
686_5,7156
687_1,7157
687_2,7158
687_3,7159
687_4,7160
687_5,7161
688_1,7162
688_2,7163
688_3,7164
688_4,7165
688_5,7166
689_1,7167
689_2,7168
689_3,7169
689_4,7170
689_5,7171
68_1,7172
68_2,7173
68_3,7174
68_4,7175
68_5,7176
690_1,7177
690_2,7178
690_3,7179
690_4,7180
690_5,7181
691_1,7182
691_2,7183
691_3,7184
691_4,7185
691_5,7186
692_1,7187
692_3,7188
692_4,7189
692_5,7190
693_1,7191
693_2,7192
693_3,7193
693_4,7194
693_5,7195
694_1,7196
694_2,7197
694_3,7198
694_4,7199
694_5,7200
696_1,7201
696_2,7202
696_3,7203
696_4,7204
696_5,7205
697_1,7206
697_2,7207
697_3,7208
697_4,7209
697_5,7210
699_1,7211
699_2,7212
699_3,7213
699_4,7214
699_5,7215
69_1,7216
69_2,7217
69_3,7218
69_4,7219
69_5,7220
6_1,7221
6_2,7222
6_3,7223
6_4,7224
6_5,7225
701_1,7226
701_2,7227
701_3,7228
701_4,7229
701_5,7230
703_1,7231
703_2,7232
703_3,7233
703_4,7234
703_5,7235
704_1,7236
704_2,7237
704_3,7238
704_4,7239
704_5,7240
705_1,7241
705_2,7242
705_3,7243
705_4,7244
705_5,7245
706_1,7246
706_2,7247
706_3,7248
706_4,7249
706_5,7250
707_1,7251
707_2,7252
707_3,7253
707_4,7254
707_5,7255
708_1,7256
708_2,7257
708_3,7258
708_4,7259
708_5,7260
709_1,7261
709_2,7262
709_3,7263
709_4,7264
709_5,7265
70_1,7266
70_2,7267
70_3,7268
70_4,7269
70_5,7270
710_2,7271
710_3,7272
711_1,7273
711_2,7274
711_3,7275
711_4,7276
711_5,7277
712_1,7278
712_2,7279
712_3,7280
712_4,7281
712_5,7282
714_1,7283
714_2,7284
714_3,7285
714_4,7286
714_5,7287
715_1,7288
715_2,7289
715_3,7290
715_4,7291
715_5,7292
716_1,7293
716_2,7294
716_3,7295
716_4,7296
716_5,7297
717_1,7298
717_2,7299
717_3,7300
717_4,7301
717_5,7302
718_1,7303
718_2,7304
718_3,7305
718_4,7306
718_5,7307
71_1,7308
71_2,7309
71_3,7310
71_4,7311
71_5,7312
720_1,7313
720_2,7314
720_3,7315
720_4,7316
720_5,7317
722_1,7318
722_2,7319
722_3,7320
722_4,7321
722_5,7322
724_1,7323
724_2,7324
724_3,7325
724_4,7326
724_5,7327
725_1,7328
725_2,7329
725_3,7330
725_4,7331
725_5,7332
726_1,7333
726_2,7334
726_3,7335
726_4,7336
726_5,7337
727_1,7338
727_2,7339
727_3,7340
727_4,7341
727_5,7342
728_2,7343
728_3,7344
728_4,7345
728_5,7346
72_1,7347
72_2,7348
72_3,7349
72_4,7350
72_5,7351
730_1,7352
730_2,7353
730_3,7354
730_4,7355
730_5,7356
732_1,7357
732_2,7358
732_3,7359
732_4,7360
732_5,7361
733_1,7362
733_3,7363
733_4,7364
733_5,7365
734_1,7366
734_2,7367
734_3,7368
734_4,7369
734_5,7370
735_1,7371
735_2,7372
735_3,7373
735_4,7374
735_5,7375
737_1,7376
737_2,7377
737_3,7378
737_4,7379
737_5,7380
73_1,7381
73_2,7382
73_3,7383
73_4,7384
73_5,7385
744_3,7386
747_1,7387
747_2,7388
747_3,7389
747_4,7390
747_5,7391
748_2,7392
748_5,7393
749_1,7394
749_2,7395
749_3,7396
749_4,7397
749_5,7398
751_1,7399
751_2,7400
751_3,7401
751_5,7402
752_1,7403
752_2,7404
752_3,7405
752_4,7406
752_5,7407
754_1,7408
754_2,7409
754_3,7410
754_4,7411
754_5,7412
755_2,7413
755_4,7414
756_1,7415
756_2,7416
756_3,7417
756_4,7418
756_5,7419
757_1,7420
757_2,7421
757_3,7422
757_4,7423
757_5,7424
759_1,7425
759_2,7426
759_3,7427
759_4,7428
759_5,7429
75_1,7430
75_2,7431
75_3,7432
75_4,7433
75_5,7434
763_1,7435
763_2,7436
763_3,7437
763_4,7438
763_5,7439
767_1,7440
767_2,7441
767_3,7442
767_4,7443
768_1,7444
768_2,7445
768_3,7446
768_4,7447
768_5,7448
769_1,7449
769_2,7450
769_3,7451
769_4,7452
769_5,7453
76_1,7454
76_2,7455
76_3,7456
76_4,7457
76_5,7458
770_1,7459
770_3,7460
770_4,7461
770_5,7462
772_1,7463
772_2,7464
772_3,7465
772_4,7466
772_5,7467
777_1,7468
777_2,7469
777_3,7470
777_4,7471
777_5,7472
778_1,7473
778_2,7474
778_3,7475
778_4,7476
778_5,7477
779_1,7478
779_2,7479
779_3,7480
779_4,7481
779_5,7482
77_1,7483
77_2,7484
77_3,7485
77_4,7486
77_5,7487
782_1,7488
782_2,7489
782_3,7490
782_4,7491
782_5,7492
785_1,7493
785_2,7494
785_3,7495
785_4,7496
785_5,7497
786_1,7498
786_2,7499
786_3,7500
786_4,7501
786_5,7502
787_1,7503
787_2,7504
787_3,7505
787_4,7506
787_5,7507
788_1,7508
788_2,7509
788_3,7510
788_4,7511
788_5,7512
789_1,7513
789_2,7514
789_3,7515
789_4,7516
789_5,7517
790_1,7518
790_2,7519
790_3,7520
790_4,7521
790_5,7522
791_1,7523
791_2,7524
791_3,7525
791_4,7526
791_5,7527
792_1,7528
792_2,7529
792_3,7530
792_4,7531
792_5,7532
793_1,7533
793_2,7534
793_3,7535
793_4,7536
793_5,7537
794_1,7538
794_2,7539
794_3,7540
794_4,7541
794_5,7542
795_1,7543
795_2,7544
795_3,7545
795_4,7546
795_5,7547
797_1,7548
797_2,7549
797_3,7550
797_4,7551
797_5,7552
798_1,7553
798_2,7554
798_3,7555
798_4,7556
798_5,7557
7_1,7558
7_2,7559
7_3,7560
7_5,7561
800_1,7562
800_2,7563
800_3,7564
800_4,7565
800_5,7566
802_1,7567
802_2,7568
802_3,7569
802_4,7570
802_5,7571
804_1,7572
804_2,7573
804_3,7574
804_4,7575
804_5,7576
805_1,7577
805_2,7578
805_3,7579
805_4,7580
805_5,7581
806_1,7582
806_2,7583
806_3,7584
806_4,7585
806_5,7586
808_1,7587
808_2,7588
808_3,7589
808_4,7590
808_5,7591
809_1,7592
809_2,7593
809_3,7594
809_4,7595
809_5,7596
80_1,7597
80_2,7598
80_3,7599
80_4,7600
80_5,7601
810_1,7602
810_2,7603
810_3,7604
810_4,7605
810_5,7606
811_1,7607
811_2,7608
811_3,7609
811_4,7610
811_5,7611
812_1,7612
812_2,7613
812_3,7614
812_4,7615
812_5,7616
813_1,7617
813_2,7618
813_3,7619
813_4,7620
813_5,7621
814_1,7622
814_2,7623
814_3,7624
814_4,7625
814_5,7626
815_1,7627
815_2,7628
815_3,7629
815_4,7630
815_5,7631
816_2,7632
816_3,7633
816_4,7634
818_1,7635
818_2,7636
818_3,7637
818_4,7638
818_5,7639
81_1,7640
81_2,7641
81_3,7642
81_4,7643
81_5,7644
820_1,7645
820_2,7646
820_3,7647
820_4,7648
820_5,7649
821_1,7650
821_2,7651
821_3,7652
821_4,7653
821_5,7654
823_1,7655
823_2,7656
823_3,7657
823_4,7658
823_5,7659
824_1,7660
824_2,7661
824_3,7662
824_4,7663
824_5,7664
825_1,7665
825_2,7666
825_3,7667
825_4,7668
825_5,7669
826_1,7670
826_2,7671
826_3,7672
829_1,7673
829_2,7674
829_3,7675
829_4,7676
829_5,7677
82_2,7678
82_3,7679
82_4,7680
82_5,7681
830_1,7682
830_2,7683
830_3,7684
830_4,7685
830_5,7686
831_1,7687
831_2,7688
831_3,7689
831_4,7690
831_5,7691
832_1,7692
832_2,7693
832_3,7694
832_4,7695
832_5,7696
834_1,7697
834_2,7698
834_3,7699
834_4,7700
834_5,7701
835_1,7702
835_2,7703
835_3,7704
835_4,7705
835_5,7706
837_1,7707
837_2,7708
837_3,7709
837_4,7710
837_5,7711
839_1,7712
839_2,7713
839_3,7714
839_4,7715
840_1,7716
840_2,7717
840_3,7718
840_4,7719
840_5,7720
841_1,7721
841_2,7722
841_3,7723
841_4,7724
841_5,7725
842_1,7726
842_2,7727
842_3,7728
842_4,7729
842_5,7730
843_1,7731
843_2,7732
843_3,7733
843_4,7734
843_5,7735
845_1,7736
845_2,7737
845_5,7738
846_1,7739
846_2,7740
846_3,7741
846_4,7742
846_5,7743
84_1,7744
84_2,7745
84_3,7746
84_4,7747
84_5,7748
850_1,7749
850_2,7750
850_3,7751
850_4,7752
850_5,7753
851_2,7754
851_4,7755
851_5,7756
852_1,7757
852_2,7758
852_4,7759
852_5,7760
854_2,7761
854_3,7762
854_4,7763
856_1,7764
856_2,7765
856_4,7766
856_5,7767
857_1,7768
857_2,7769
857_3,7770
857_4,7771
857_5,7772
858_1,7773
858_2,7774
858_3,7775
858_4,7776
858_5,7777
859_1,7778
859_2,7779
859_3,7780
859_4,7781
859_5,7782
85_1,7783
85_2,7784
85_3,7785
85_4,7786
85_5,7787
860_1,7788
860_2,7789
860_3,7790
860_4,7791
860_5,7792
861_1,7793
861_2,7794
861_3,7795
861_4,7796
861_5,7797
862_1,7798
862_2,7799
862_3,7800
862_4,7801
862_5,7802
863_1,7803
863_2,7804
863_3,7805
863_4,7806
863_5,7807
864_1,7808
864_2,7809
864_3,7810
864_4,7811
865_1,7812
865_2,7813
865_3,7814
865_4,7815
865_5,7816
866_1,7817
866_2,7818
866_3,7819
866_4,7820
866_5,7821
867_1,7822
867_2,7823
867_3,7824
867_4,7825
867_5,7826
868_1,7827
868_2,7828
868_3,7829
868_4,7830
868_5,7831
869_1,7832
869_2,7833
869_3,7834
869_4,7835
869_5,7836
86_1,7837
86_2,7838
86_3,7839
86_4,7840
86_5,7841
871_1,7842
871_2,7843
871_3,7844
871_4,7845
871_5,7846
874_1,7847
874_2,7848
874_3,7849
874_4,7850
874_5,7851
875_1,7852
875_2,7853
875_3,7854
875_4,7855
875_5,7856
877_1,7857
877_2,7858
877_3,7859
877_4,7860
877_5,7861
878_1,7862
878_2,7863
878_3,7864
878_4,7865
880_1,7866
880_2,7867
880_3,7868
880_4,7869
880_5,7870
881_1,7871
881_2,7872
881_3,7873
881_4,7874
881_5,7875
882_1,7876
882_2,7877
882_3,7878
882_4,7879
882_5,7880
883_1,7881
883_2,7882
883_3,7883
883_4,7884
883_5,7885
885_1,7886
885_2,7887
885_3,7888
885_4,7889
885_5,7890
886_1,7891
886_2,7892
886_3,7893
886_4,7894
886_5,7895
887_1,7896
887_2,7897
887_3,7898
887_4,7899
887_5,7900
889_1,7901
889_2,7902
889_3,7903
889_4,7904
889_5,7905
88_1,7906
88_2,7907
88_3,7908
88_4,7909
88_5,7910
891_1,7911
891_2,7912
891_3,7913
891_4,7914
891_5,7915
895_1,7916
895_2,7917
895_3,7918
896_1,7919
896_2,7920
896_3,7921
896_4,7922
896_5,7923
898_1,7924
898_2,7925
898_3,7926
898_4,7927
898_5,7928
899_1,7929
899_2,7930
899_3,7931
899_4,7932
899_5,7933
89_1,7934
89_2,7935
89_3,7936
89_4,7937
89_5,7938
8_1,7939
8_2,7940
8_4,7941
8_5,7942
900_1,7943
900_2,7944
900_3,7945
900_4,7946
900_5,7947
901_1,7948
901_2,7949
901_3,7950
901_4,7951
903_1,7952
903_2,7953
903_3,7954
903_4,7955
903_5,7956
905_1,7957
905_2,7958
905_3,7959
905_4,7960
905_5,7961
906_1,7962
906_2,7963
906_3,7964
906_4,7965
906_5,7966
907_1,7967
907_2,7968
907_3,7969
907_4,7970
907_5,7971
908_1,7972
908_2,7973
908_3,7974
908_4,7975
908_5,7976
909_1,7977
909_2,7978
909_3,7979
909_4,7980
909_5,7981
90_1,7982
90_2,7983
90_3,7984
90_4,7985
90_5,7986
910_1,7987
910_2,7988
910_3,7989
910_4,7990
910_5,7991
911_1,7992
911_2,7993
911_3,7994
911_4,7995
911_5,7996
912_1,7997
912_2,7998
912_3,7999
912_4,8000
912_5,8001
913_3,8002
914_1,8003
914_2,8004
914_3,8005
914_4,8006
914_5,8007
915_1,8008
915_2,8009
915_3,8010
915_4,8011
915_5,8012
917_1,8013
917_2,8014
917_3,8015
917_4,8016
917_5,8017
918_1,8018
918_2,8019
918_3,8020
918_4,8021
918_5,8022
919_1,8023
919_2,8024
919_3,8025
919_4,8026
919_5,8027
91_1,8028
91_2,8029
91_3,8030
91_4,8031
91_5,8032
920_1,8033
920_2,8034
920_3,8035
920_4,8036
920_5,8037
922_1,8038
922_2,8039
922_3,8040
922_4,8041
922_5,8042
923_1,8043
923_2,8044
923_3,8045
923_4,8046
923_5,8047
924_1,8048
924_2,8049
924_3,8050
924_4,8051
924_5,8052
928_1,8053
928_2,8054
928_3,8055
928_4,8056
928_5,8057
930_1,8058
930_2,8059
930_3,8060
930_4,8061
930_5,8062
931_1,8063
931_2,8064
931_3,8065
931_4,8066
931_5,8067
932_1,8068
932_2,8069
932_3,8070
932_4,8071
932_5,8072
936_1,8073
936_2,8074
936_3,8075
936_4,8076
936_5,8077
937_1,8078
937_2,8079
937_3,8080
937_4,8081
937_5,8082
93_1,8083
93_2,8084
93_3,8085
93_4,8086
93_5,8087
942_1,8088
942_2,8089
942_3,8090
942_4,8091
942_5,8092
943_1,8093
943_2,8094
943_3,8095
943_4,8096
943_5,8097
944_1,8098
944_2,8099
944_3,8100
944_4,8101
944_5,8102
945_1,8103
945_2,8104
945_3,8105
945_4,8106
945_5,8107
946_1,8108
946_3,8109
946_4,8110
946_5,8111
947_1,8112
947_2,8113
947_3,8114
947_4,8115
947_5,8116
951_1,8117
951_2,8118
951_3,8119
951_4,8120
951_5,8121
952_1,8122
952_2,8123
952_3,8124
952_4,8125
952_5,8126
953_1,8127
953_2,8128
955_3,8129
